{
  "type": "ckpt_avg",
  "n_ckpts": 3,
  "avg_epochs": [
    14,
    15,
    16
  ],
  "best_single_epoch": 15,
  "best_single_val_avg/mae_surf_p": 133.59614999162187,
  "avg_val_avg/mae_surf_p": 133.45754552629205,
  "delta_vs_best_single": -0.13860446532981996,
  "per_split": {
    "val_single_in_dist": {
      "vol_loss": 0.6829461452364921,
      "surf_loss": 0.3949273531138897,
      "loss": 4.63221967637539,
      "mae_surf_Ux": 2.014043989525499,
      "mae_vol_Ux": 5.686212242553339,
      "mae_surf_Uy": 0.9793982582638092,
      "mae_vol_Uy": 2.5335153754704307,
      "mae_surf_p": 164.90906715060757,
      "mae_vol_p": 162.0970875244002
    },
    "val_geom_camber_rc": {
      "vol_loss": 0.6383120107650757,
      "surf_loss": 0.364815975278616,
      "loss": 4.286471763551235,
      "mae_surf_Ux": 2.767399874988765,
      "mae_vol_Ux": 5.7730034772852,
      "mae_surf_Uy": 1.2841453916603909,
      "mae_vol_Uy": 3.0567019799425874,
      "mae_surf_p": 145.72457355518208,
      "mae_vol_p": 140.4608339797638
    },
    "val_geom_camber_cruise": {
      "vol_loss": 0.22447873927652837,
      "surf_loss": 0.10898393876850605,
      "loss": 1.314318126961589,
      "mae_surf_Ux": 1.214871947632965,
      "mae_vol_Ux": 3.6804715021913,
      "mae_surf_Uy": 0.6665490627675181,
      "mae_vol_Uy": 1.5918931615135123,
      "mae_surf_p": 102.53543966907313,
      "mae_vol_p": 98.05547574722287
    },
    "val_re_rand": {
      "vol_loss": 0.4185666248202324,
      "surf_loss": 0.22003275953233242,
      "loss": 2.6188942201435563,
      "mae_surf_Ux": 1.9185150185220283,
      "mae_vol_Ux": 4.515951921517852,
      "mae_surf_Uy": 0.9481798479357554,
      "mae_vol_Uy": 2.1885603129579843,
      "mae_surf_p": 120.66110173030542,
      "mae_vol_p": 115.88147498106838
    }
  },
  "val_avg": {
    "avg/mae_surf_Ux": 1.9787077076673143,
    "avg/mae_surf_Uy": 0.9695681401568684,
    "avg/mae_surf_p": 133.45754552629205,
    "avg/mae_vol_Ux": 4.913909785886922,
    "avg/mae_vol_Uy": 2.342667707471129,
    "avg/mae_vol_p": 129.1237180581138
  }
}