{
  "type": "ckpt_avg",
  "n_ckpts": 3,
  "avg_epochs": [
    12,
    13,
    14
  ],
  "best_single_epoch": 14,
  "best_single_val_avg/mae_surf_p": 101.30075633975417,
  "avg_val_avg/mae_surf_p": 99.400211362886,
  "delta_vs_best_single": -1.9005449768681757,
  "per_split": {
    "val_single_in_dist": {
      "vol_loss": 0.4720978754758835,
      "surf_loss": 0.303409579731524,
      "loss": 3.5061936727911234,
      "mae_surf_Ux": 1.3404022624438854,
      "mae_vol_Ux": 4.709269627043048,
      "mae_surf_Uy": 0.6652671395714654,
      "mae_vol_Uy": 1.9187877319703774,
      "mae_surf_p": 118.12965658539865,
      "mae_vol_p": 130.1857399545339
    },
    "val_geom_camber_rc": {
      "vol_loss": 0.4819907832145691,
      "surf_loss": 0.2458873750269413,
      "loss": 2.940864533483982,
      "mae_surf_Ux": 2.153815585805809,
      "mae_vol_Ux": 5.191443549787638,
      "mae_surf_Uy": 0.9261104695632982,
      "mae_vol_Uy": 2.5873519324895016,
      "mae_surf_p": 113.73002469111854,
      "mae_vol_p": 117.55703153844543
    },
    "val_geom_camber_cruise": {
      "vol_loss": 0.1533631268143654,
      "surf_loss": 0.07494118058122695,
      "loss": 0.9027749326266349,
      "mae_surf_Ux": 0.850611227510101,
      "mae_vol_Ux": 3.1491019119264174,
      "mae_surf_Uy": 0.5280038139632601,
      "mae_vol_Uy": 1.2359437507585798,
      "mae_surf_p": 75.58290061806343,
      "mae_vol_p": 73.40727140206033
    },
    "val_re_rand": {
      "vol_loss": 0.3058126559853554,
      "surf_loss": 0.1447666074708104,
      "loss": 1.7534787306934594,
      "mae_surf_Ux": 1.440168586524056,
      "mae_vol_Ux": 3.8858026513548656,
      "mae_surf_Uy": 0.7014992835693038,
      "mae_vol_Uy": 1.8141751063234082,
      "mae_surf_p": 90.1582635569634,
      "mae_vol_p": 90.33756460038651
    }
  },
  "val_avg": {
    "avg/mae_surf_Ux": 1.4462494155709629,
    "avg/mae_surf_Uy": 0.7052201766668319,
    "avg/mae_surf_p": 99.400211362886,
    "avg/mae_vol_Ux": 4.233904435027992,
    "avg/mae_vol_Uy": 1.8890646303854668,
    "avg/mae_vol_p": 102.87190187385653
  }
}