{
  "model_dir": "models/model-cjhsa8sf",
  "model_config": {
    "dropout": 0.0,
    "fun_dim": 22,
    "grad_checkpoint": false,
    "mlp_ratio": 2,
    "n_head": 4,
    "n_hidden": 128,
    "n_layers": 5,
    "out_dim": 3,
    "output_dims": [
      1,
      1,
      1
    ],
    "output_fields": [
      "Ux",
      "Uy",
      "p"
    ],
    "ref": 8,
    "slice_num": 64,
    "space_dim": 2,
    "unified_pos": false
  },
  "n_params": 662359,
  "val_avg": {
    "avg/mae_surf_Ux": 0.9039943988298835,
    "avg/mae_surf_Uy": 0.45219881929134387,
    "avg/mae_surf_p": 60.562920110771714,
    "avg/mae_vol_Ux": 2.9882864572722387,
    "avg/mae_vol_Uy": 1.2933832842596908,
    "avg/mae_vol_p": 65.5745031972482
  },
  "val_per_split": {
    "val_single_in_dist": {
      "vol_loss": 0.19509278431534768,
      "surf_loss": 0.14353046896867455,
      "loss": 1.630397474002093,
      "mae_surf_Ux": 0.8067201254323954,
      "mae_vol_Ux": 3.1349256888884325,
      "mae_surf_Uy": 0.43168009589988504,
      "mae_vol_Uy": 1.2625554038805282,
      "mae_surf_p": 64.76820833232266,
      "mae_vol_p": 76.01306666291316
    },
    "val_geom_camber_rc": {
      "vol_loss": 0.2554411697387695,
      "surf_loss": 0.10352157309651375,
      "loss": 1.290656900703907,
      "mae_surf_Ux": 1.3562699834652252,
      "mae_vol_Ux": 3.8449664709502605,
      "mae_surf_Uy": 0.6059310199129979,
      "mae_vol_Uy": 1.8283198408471268,
      "mae_surf_p": 74.86384284111442,
      "mae_vol_p": 80.19652773353583
    },
    "val_geom_camber_cruise": {
      "vol_loss": 0.07237791422754526,
      "surf_loss": 0.02707830223720521,
      "loss": 0.34316093659959734,
      "mae_surf_Ux": 0.528453591553093,
      "mae_vol_Ux": 2.1521531579518656,
      "mae_surf_Uy": 0.3132944076883246,
      "mae_vol_Uy": 0.8126722619836663,
      "mae_surf_p": 42.389082732691186,
      "mae_vol_p": 44.74263739130768
    },
    "val_re_rand": {
      "vol_loss": 0.18331255108118058,
      "surf_loss": 0.08380028918385506,
      "loss": 1.021315442919731,
      "mae_surf_Ux": 0.9245338948688209,
      "mae_vol_Ux": 2.8211005112983965,
      "mae_surf_Uy": 0.45788975366416795,
      "mae_vol_Uy": 1.269985630327442,
      "mae_surf_p": 60.2305465369586,
      "mae_vol_p": 61.34578100123611
    }
  },
  "test_avg": {
    "avg/mae_surf_Ux": 0.8537909557646639,
    "avg/mae_surf_Uy": 0.4213069247390949,
    "avg/mae_surf_p": 52.772782607649475,
    "avg/mae_vol_Ux": 2.8080186860872147,
    "avg/mae_vol_Uy": 1.2027276244674416,
    "avg/mae_vol_p": 59.55805783830237
  },
  "test_per_split": {
    "test_single_in_dist": {
      "vol_loss": 0.21836298115551472,
      "surf_loss": 0.1352381370216608,
      "loss": 1.5707443513721226,
      "mae_surf_Ux": 0.7849993937105477,
      "mae_vol_Ux": 2.953929039519797,
      "mae_surf_Uy": 0.40973847959791315,
      "mae_vol_Uy": 1.209409444381953,
      "mae_surf_p": 57.99877585994276,
      "mae_vol_p": 71.0910918298407
    },
    "test_geom_camber_rc": {
      "vol_loss": 0.21203420877456666,
      "surf_loss": 0.0802417603880167,
      "loss": 1.0144518126547335,
      "mae_surf_Ux": 1.3514261381348036,
      "mae_vol_Ux": 3.6913234029984254,
      "mae_surf_Uy": 0.5726126615917075,
      "mae_vol_Uy": 1.7071947158964527,
      "mae_surf_p": 66.07112145248345,
      "mae_vol_p": 72.67732227421243
    },
    "test_geom_camber_cruise": {
      "vol_loss": 0.0590543126501143,
      "surf_loss": 0.01881678159581497,
      "loss": 0.247222128608264,
      "mae_surf_Ux": 0.4774203535692808,
      "mae_vol_Ux": 1.976808689607821,
      "mae_surf_Uy": 0.28426322392214004,
      "mae_vol_Uy": 0.7461882677166101,
      "mae_surf_p": 35.445310842410436,
      "mae_vol_p": 39.15835813599393
    },
    "test_re_rand": {
      "vol_loss": 0.12027916289865971,
      "surf_loss": 0.047491092504933476,
      "loss": 0.5951900879479944,
      "mae_surf_Ux": 0.8013179376440236,
      "mae_vol_Ux": 2.6100136122228146,
      "mae_surf_Uy": 0.41861333384461896,
      "mae_vol_Uy": 1.1481180698747504,
      "mae_surf_p": 51.57592227576126,
      "mae_vol_p": 55.30545911316241
    }
  }
}