{
  "model_dir": "models/model-dvlt9p7v",
  "model_config": {
    "dropout": 0.0,
    "fun_dim": 22,
    "grad_checkpoint": false,
    "mlp_ratio": 2,
    "n_head": 4,
    "n_hidden": 128,
    "n_layers": 5,
    "out_dim": 3,
    "output_dims": [
      1,
      1,
      1
    ],
    "output_fields": [
      "Ux",
      "Uy",
      "p"
    ],
    "ref": 8,
    "slice_num": 64,
    "space_dim": 2,
    "unified_pos": false
  },
  "n_params": 662359,
  "val_avg": {
    "avg/mae_surf_Ux": 0.9110551048399806,
    "avg/mae_surf_Uy": 0.45851199048702174,
    "avg/mae_surf_p": 60.118173480273484,
    "avg/mae_vol_Ux": 3.289057884269982,
    "avg/mae_vol_Uy": 1.4391384361807604,
    "avg/mae_vol_p": 72.92847069521848
  },
  "val_per_split": {
    "val_single_in_dist": {
      "vol_loss": 0.23317242607474328,
      "surf_loss": 0.1815573953650892,
      "loss": 2.0487463797256353,
      "mae_surf_Ux": 0.815202413148016,
      "mae_vol_Ux": 3.474892493926882,
      "mae_surf_Uy": 0.42304791891946325,
      "mae_vol_Uy": 1.3828709998462025,
      "mae_surf_p": 65.78978786300205,
      "mae_vol_p": 86.15318677431938
    },
    "val_geom_camber_rc": {
      "vol_loss": 0.2965127369761467,
      "surf_loss": 0.10081124786287546,
      "loss": 1.3046252156049012,
      "mae_surf_Ux": 1.409570532870813,
      "mae_vol_Ux": 4.148437342657059,
      "mae_surf_Uy": 0.6191789116581006,
      "mae_vol_Uy": 2.0646026804825177,
      "mae_surf_p": 74.4860397898287,
      "mae_vol_p": 88.96080601460089
    },
    "val_geom_camber_cruise": {
      "vol_loss": 0.08329755079001189,
      "surf_loss": 0.026439651171676813,
      "loss": 0.34769406250678003,
      "mae_surf_Ux": 0.5025067770680136,
      "mae_vol_Ux": 2.4462241307056725,
      "mae_surf_Uy": 0.3261432395851017,
      "mae_vol_Uy": 0.898981232746366,
      "mae_surf_p": 41.000421464504235,
      "mae_vol_p": 49.46364887662827
    },
    "val_re_rand": {
      "vol_loss": 0.20740035444498062,
      "surf_loss": 0.08491662569344044,
      "loss": 1.056566611379385,
      "mae_surf_Ux": 0.9169406962730796,
      "mae_vol_Ux": 3.086677569790315,
      "mae_surf_Uy": 0.4656778917854214,
      "mae_vol_Uy": 1.4100988316479552,
      "mae_surf_p": 59.19644480375898,
      "mae_vol_p": 67.13624111532538
    }
  },
  "test_avg": {
    "avg/mae_surf_Ux": 0.8512193135528947,
    "avg/mae_surf_Uy": 0.42515282003084054,
    "avg/mae_surf_p": 51.984536482435885,
    "avg/mae_vol_Ux": 3.095337002196137,
    "avg/mae_vol_Uy": 1.3421424515528628,
    "avg/mae_vol_p": 66.12109129524335
  },
  "test_per_split": {
    "test_single_in_dist": {
      "vol_loss": 0.22793930098414422,
      "surf_loss": 0.1290273904334754,
      "loss": 1.518213205318898,
      "mae_surf_Ux": 0.8174396017392547,
      "mae_vol_Ux": 3.1961164514575064,
      "mae_surf_Uy": 0.41067234240382416,
      "mae_vol_Uy": 1.323421382732604,
      "mae_surf_p": 55.909257580150104,
      "mae_vol_p": 76.35326627668519
    },
    "test_geom_camber_rc": {
      "vol_loss": 0.2516231569647789,
      "surf_loss": 0.08438828535377979,
      "loss": 1.095506010502577,
      "mae_surf_Ux": 1.3302538657426677,
      "mae_vol_Ux": 3.9922532102481214,
      "mae_surf_Uy": 0.5794043593678212,
      "mae_vol_Uy": 1.936427116824031,
      "mae_surf_p": 66.62535670822972,
      "mae_vol_p": 81.90133888030218
    },
    "test_geom_camber_cruise": {
      "vol_loss": 0.06885992255061865,
      "surf_loss": 0.01753061529016122,
      "loss": 0.24416607545223087,
      "mae_surf_Ux": 0.4577309763592574,
      "mae_vol_Ux": 2.244238249705383,
      "mae_surf_Uy": 0.2875768467894776,
      "mae_vol_Uy": 0.8285886140260025,
      "mae_surf_p": 33.81550125778428,
      "mae_vol_p": 43.24349275048105
    },
    "test_re_rand": {
      "vol_loss": 0.14870802488178014,
      "surf_loss": 0.050148839647881686,
      "loss": 0.650196421360597,
      "mae_surf_Ux": 0.799452810370399,
      "mae_vol_Ux": 2.9487400973735354,
      "mae_surf_Uy": 0.422957731562239,
      "mae_vol_Uy": 1.280132692628814,
      "mae_surf_p": 51.588030383579465,
      "mae_vol_p": 62.98626727350493
    }
  }
}