{
  "run_id": "88kybv3u",
  "model_config": {
    "dropout": 0.0,
    "fourier_freq": 0,
    "fourier_scale": 5.0,
    "fun_dim": 22,
    "mlp_ratio": 2,
    "n_head": 4,
    "n_hidden": 128,
    "n_layers": 5,
    "out_dim": 3,
    "output_dims": [
      1,
      1,
      1
    ],
    "output_fields": [
      "Ux",
      "Uy",
      "p"
    ],
    "slice_num": 64,
    "space_dim": 2,
    "use_ada_temp": false,
    "use_rep_slice": false
  },
  "val_avg": {
    "avg/mae_surf_Ux": 1.3131457673556306,
    "avg/mae_surf_Uy": 0.6258237143540737,
    "avg/mae_surf_p": 80.68112737207272,
    "avg/mae_vol_Ux": 3.874043560287075,
    "avg/mae_vol_Uy": 1.7160752415577134,
    "avg/mae_vol_p": 90.3061397402406
  },
  "test_avg": {
    "avg/mae_surf_Ux": 1.2419296738615526,
    "avg/mae_surf_Uy": 0.5912588894778618,
    "avg/mae_surf_p": 72.9309066255149,
    "avg/mae_vol_Ux": 3.673650274577519,
    "avg/mae_vol_Uy": 1.6205979222836013,
    "avg/mae_vol_p": 82.89249349951216
  },
  "val_per_split": {
    "val_single_in_dist": {
      "vol_loss": 0.30107615917921066,
      "surf_loss": 0.14423597982153297,
      "loss": 1.7434359573945402,
      "mae_surf_Ux": 1.148635761658662,
      "mae_vol_Ux": 4.103695204906333,
      "mae_surf_Uy": 0.5784294656290125,
      "mae_vol_Uy": 1.6966856807451123,
      "mae_surf_p": 85.32513410263529,
      "mae_vol_p": 102.80094759652263
    },
    "val_geom_camber_rc": {
      "vol_loss": 0.3749486458301544,
      "surf_loss": 0.15120865315198898,
      "loss": 1.887035177350044,
      "mae_surf_Ux": 1.880131621735764,
      "mae_vol_Ux": 4.676950438153404,
      "mae_surf_Uy": 0.8026110238993386,
      "mae_vol_Uy": 2.387097913303693,
      "mae_surf_p": 93.39998476174156,
      "mae_vol_p": 106.39595944459118
    },
    "val_geom_camber_cruise": {
      "vol_loss": 0.1264786410331726,
      "surf_loss": 0.056784551739692685,
      "loss": 0.6943241584300994,
      "mae_surf_Ux": 0.8472826837870608,
      "mae_vol_Ux": 3.0055841671096917,
      "mae_surf_Uy": 0.48595672990533517,
      "mae_vol_Uy": 1.1135113648790809,
      "mae_surf_p": 64.77559920910441,
      "mae_vol_p": 68.20525785846382
    },
    "val_re_rand": {
      "vol_loss": 0.2679517033696175,
      "surf_loss": 0.11991193268448114,
      "loss": 1.4670710302144288,
      "mae_surf_Ux": 1.3765330022410358,
      "mae_vol_Ux": 3.709944430978871,
      "mae_surf_Uy": 0.6362976379826086,
      "mae_vol_Uy": 1.6670060073029678,
      "mae_surf_p": 79.2237914148096,
      "mae_vol_p": 83.82239406138473
    }
  },
  "test_per_split": {
    "test_single_in_dist": {
      "vol_loss": 0.30837134681642053,
      "surf_loss": 0.17083452205173671,
      "loss": 2.0167165673337877,
      "mae_surf_Ux": 1.1169285468548515,
      "mae_vol_Ux": 3.732485117911728,
      "mae_surf_Uy": 0.5506120809748263,
      "mae_vol_Uy": 1.6193140439689822,
      "mae_surf_p": 76.13576933179552,
      "mae_vol_p": 92.51165700881077
    },
    "test_geom_camber_rc": {
      "vol_loss": 0.3381139788031578,
      "surf_loss": 0.12989127591252328,
      "loss": 1.6370267379283905,
      "mae_surf_Ux": 1.8494797799106273,
      "mae_vol_Ux": 4.5647366393479265,
      "mae_surf_Uy": 0.7594466072412092,
      "mae_vol_Uy": 2.2957459197028287,
      "mae_surf_p": 85.90423373666674,
      "mae_vol_p": 99.63352484691218
    },
    "test_geom_camber_cruise": {
      "vol_loss": 0.708615539111197,
      "surf_loss": 0.36783057533670216,
      "loss": 4.386921292478219,
      "mae_surf_Ux": 0.8046964130465083,
      "mae_vol_Ux": 2.860646180002195,
      "mae_surf_Uy": 0.4411825129142415,
      "mae_vol_Uy": 1.0212342622447217,
      "mae_surf_p": 54.71880352829017,
      "mae_vol_p": 59.86157304962437
    },
    "test_re_rand": {
      "vol_loss": 0.20700569860637189,
      "surf_loss": 0.08801420617848635,
      "loss": 1.0871477603912354,
      "mae_surf_Ux": 1.196613955634223,
      "mae_vol_Ux": 3.536733161048225,
      "mae_surf_Uy": 0.6137943567811702,
      "mae_vol_Uy": 1.5460974632178723,
      "mae_surf_p": 74.96481990530715,
      "mae_vol_p": 79.56321909270126
    }
  }
}