{
  "model_dir": "models/model-2uwed6m8",
  "model_config": {
    "dropout": 0.0,
    "fun_dim": 22,
    "grad_checkpoint": false,
    "mlp_ratio": 2,
    "n_head": 4,
    "n_hidden": 128,
    "n_layers": 5,
    "out_dim": 3,
    "output_dims": [
      1,
      1,
      1
    ],
    "output_fields": [
      "Ux",
      "Uy",
      "p"
    ],
    "ref": 8,
    "slice_num": 64,
    "space_dim": 2,
    "unified_pos": false
  },
  "n_params": 662359,
  "val_avg": {
    "avg/mae_surf_Ux": 0.6346985290333962,
    "avg/mae_surf_Uy": 0.3383021578952335,
    "avg/mae_surf_p": 43.60948596423688,
    "avg/mae_vol_Ux": 2.31168233325862,
    "avg/mae_vol_Uy": 0.9475309598236596,
    "avg/mae_vol_p": 48.96600199943402
  },
  "val_per_split": {
    "val_single_in_dist": {
      "vol_loss": 0.12393557611852885,
      "surf_loss": 0.07929771508090198,
      "loss": 0.9169127269275488,
      "mae_surf_Ux": 0.5400416575263837,
      "mae_vol_Ux": 2.338809982704735,
      "mae_surf_Uy": 0.31811159329651184,
      "mae_vol_Uy": 0.8868168421608862,
      "mae_surf_p": 43.8682303383566,
      "mae_vol_p": 55.17324100696389
    },
    "val_geom_camber_rc": {
      "vol_loss": 0.16784758985042572,
      "surf_loss": 0.06895350651815534,
      "loss": 0.8573826550319791,
      "mae_surf_Ux": 0.9563144585791485,
      "mae_vol_Ux": 3.083441929489326,
      "mae_surf_Uy": 0.4730759791372705,
      "mae_vol_Uy": 1.4084865686612276,
      "mae_surf_p": 59.40756476875419,
      "mae_vol_p": 64.22648284961802
    },
    "val_geom_camber_cruise": {
      "vol_loss": 0.03911033498123288,
      "surf_loss": 0.013988169303629547,
      "loss": 0.17899202801752834,
      "mae_surf_Ux": 0.3664494527745773,
      "mae_vol_Ux": 1.5999793625398826,
      "mae_surf_Uy": 0.21761027962307214,
      "mae_vol_Uy": 0.5563013653862343,
      "mae_surf_p": 25.856865112977786,
      "mae_vol_p": 29.090782317185322
    },
    "val_re_rand": {
      "vol_loss": 0.13627704925835132,
      "surf_loss": 0.06819789221510292,
      "loss": 0.8182559714093804,
      "mae_surf_Ux": 0.6759885472534753,
      "mae_vol_Ux": 2.224498058300537,
      "mae_surf_Uy": 0.34441077952407934,
      "mae_vol_Uy": 0.9385190630862904,
      "mae_surf_p": 45.30528363685899,
      "mae_vol_p": 47.37350182396884
    }
  },
  "test_avg": {
    "avg/mae_surf_Ux": 0.586698385498952,
    "avg/mae_surf_Uy": 0.3124263104496848,
    "avg/mae_surf_p": 37.46595645306175,
    "avg/mae_vol_Ux": 2.165939934238122,
    "avg/mae_vol_Uy": 0.8740039480498423,
    "avg/mae_vol_p": 43.65481058066505
  },
  "test_per_split": {
    "test_single_in_dist": {
      "vol_loss": 0.1369484024681151,
      "surf_loss": 0.09449677855009213,
      "loss": 1.0819161879690364,
      "mae_surf_Ux": 0.5638432734497402,
      "mae_vol_Ux": 2.2163527038797612,
      "mae_surf_Uy": 0.3105914576160012,
      "mae_vol_Uy": 0.8627536132857345,
      "mae_surf_p": 40.5035411370712,
      "mae_vol_p": 50.452372355361895
    },
    "test_geom_camber_rc": {
      "vol_loss": 0.1560269945114851,
      "surf_loss": 0.061472677439451215,
      "loss": 0.7707537689059973,
      "mae_surf_Ux": 0.9002089708477028,
      "mae_vol_Ux": 2.958031788115314,
      "mae_surf_Uy": 0.44647796026591074,
      "mae_vol_Uy": 1.3237477751692257,
      "mae_surf_p": 53.087213137335006,
      "mae_vol_p": 60.14600055463416
    },
    "test_geom_camber_cruise": {
      "vol_loss": 0.03179104250855744,
      "surf_loss": 0.008813819509232417,
      "loss": 0.11992923760088162,
      "mae_surf_Ux": 0.3341813526287609,
      "mae_vol_Ux": 1.493368634981449,
      "mae_surf_Uy": 0.19132442874553385,
      "mae_vol_Uy": 0.4999805652588866,
      "mae_surf_p": 21.007484202857842,
      "mae_vol_p": 24.889136345485216
    },
    "test_re_rand": {
      "vol_loss": 0.07146361565217375,
      "surf_loss": 0.028372344474773853,
      "loss": 0.35518706039991227,
      "mae_surf_Ux": 0.5485599450696043,
      "mae_vol_Ux": 1.9960066099759624,
      "mae_surf_Uy": 0.30131139517129335,
      "mae_vol_Uy": 0.8095338384855221,
      "mae_surf_p": 35.26558733498297,
      "mae_vol_p": 39.13173306717892
    }
  }
}