{
  "run_id": "pcatusyd",
  "model_config": {
    "dropout": 0.0,
    "fourier_freq": 0,
    "fourier_scale": 5.0,
    "fun_dim": 22,
    "mlp_ratio": 2,
    "n_head": 4,
    "n_hidden": 128,
    "n_layers": 5,
    "out_dim": 3,
    "output_dims": [
      1,
      1,
      1
    ],
    "output_fields": [
      "Ux",
      "Uy",
      "p"
    ],
    "slice_num": 64,
    "space_dim": 2,
    "use_ada_temp": false,
    "use_rep_slice": false
  },
  "val_avg": {
    "avg/mae_surf_Ux": 0.5628404501927524,
    "avg/mae_surf_Uy": 0.3105275135044304,
    "avg/mae_surf_p": 39.93928238010588,
    "avg/mae_vol_Ux": 2.1315988895801636,
    "avg/mae_vol_Uy": 0.8655954660467665,
    "avg/mae_vol_p": 45.157991036024214
  },
  "test_avg": {
    "avg/mae_surf_Ux": 0.5249413898610631,
    "avg/mae_surf_Uy": 0.2887268889358836,
    "avg/mae_surf_p": 34.97652968064332,
    "avg/mae_vol_Ux": 1.999612770812659,
    "avg/mae_vol_Uy": 0.8021046842147999,
    "avg/mae_vol_p": 40.75412493166957
  },
  "val_per_split": {
    "val_single_in_dist": {
      "vol_loss": 0.09602193210273981,
      "surf_loss": 0.0554533881181851,
      "loss": 0.6505558132845908,
      "mae_surf_Ux": 0.4554228597971558,
      "mae_vol_Ux": 2.1121197496185036,
      "mae_surf_Uy": 0.27964807540275816,
      "mae_vol_Uy": 0.7812869061262677,
      "mae_surf_p": 37.424673706693376,
      "mae_vol_p": 47.30971354872233
    },
    "val_geom_camber_rc": {
      "vol_loss": 0.15386512145400047,
      "surf_loss": 0.06548832641914487,
      "loss": 0.8087483856454492,
      "mae_surf_Ux": 0.8213182661966563,
      "mae_vol_Ux": 2.7980823984898655,
      "mae_surf_Uy": 0.44360257220860255,
      "mae_vol_Uy": 1.2704123751198286,
      "mae_surf_p": 55.79068943945388,
      "mae_vol_p": 61.18731971520725
    },
    "val_geom_camber_cruise": {
      "vol_loss": 0.03803431652486324,
      "surf_loss": 0.014034261598717422,
      "loss": 0.17837693251203748,
      "mae_surf_Ux": 0.3555435492413644,
      "mae_vol_Ux": 1.5362374981363114,
      "mae_surf_Uy": 0.19974478747221716,
      "mae_vol_Uy": 0.5379072463512605,
      "mae_surf_p": 24.778528042067272,
      "mae_vol_p": 27.86073285556394
    },
    "val_re_rand": {
      "vol_loss": 0.1230743370950222,
      "surf_loss": 0.06200151609256863,
      "loss": 0.7430894980207086,
      "mae_surf_Ux": 0.6190771255358334,
      "mae_vol_Ux": 2.0799559120759743,
      "mae_surf_Uy": 0.3191146189341438,
      "mae_vol_Uy": 0.8727753365897092,
      "mae_surf_p": 41.763238332208985,
      "mae_vol_p": 44.27419802460332
    }
  },
  "test_per_split": {
    "test_single_in_dist": {
      "vol_loss": 0.1203591300919652,
      "surf_loss": 0.08036068148794584,
      "loss": 0.9239659449714236,
      "mae_surf_Ux": 0.4836189232037254,
      "mae_vol_Ux": 1.9814928275979136,
      "mae_surf_Uy": 0.2811027271154339,
      "mae_vol_Uy": 0.7824069769489118,
      "mae_surf_p": 37.72773788200062,
      "mae_vol_p": 46.547727809075944
    },
    "test_geom_camber_rc": {
      "vol_loss": 0.1330918362736702,
      "surf_loss": 0.052852851320058104,
      "loss": 0.6616203494742512,
      "mae_surf_Ux": 0.7863855461244453,
      "mae_vol_Ux": 2.7032189905539634,
      "mae_surf_Uy": 0.4119016645337405,
      "mae_vol_Uy": 1.1793924319523472,
      "mae_surf_p": 48.71046724189689,
      "mae_vol_p": 55.17364263691812
    },
    "test_geom_camber_cruise": {
      "vol_loss": 0.6304887185804546,
      "surf_loss": 0.33455077903461644,
      "loss": 3.9759965089266194,
      "mae_surf_Ux": 0.3222903753735733,
      "mae_vol_Ux": 1.4256814527471877,
      "mae_surf_Uy": 0.18080125092837762,
      "mae_vol_Uy": 0.48658376454818825,
      "mae_surf_p": 20.211269563737847,
      "mae_vol_p": 24.10714600228811
    },
    "test_re_rand": {
      "vol_loss": 0.06648955596610903,
      "surf_loss": 0.02739909080788493,
      "loss": 0.34048046404495835,
      "mae_surf_Ux": 0.5074707147425084,
      "mae_vol_Ux": 1.8880578123515708,
      "mae_surf_Uy": 0.2811019131659825,
      "mae_vol_Uy": 0.7600355634097519,
      "mae_surf_p": 33.2566440349379,
      "mae_vol_p": 37.187983278396096
    }
  }
}