{
  "run_id": "3f4ebwps",
  "model_config": {
    "dropout": 0.0,
    "fourier_freq": 16,
    "fourier_scale": 5.0,
    "fun_dim": 22,
    "mlp_ratio": 2,
    "n_head": 4,
    "n_hidden": 128,
    "n_layers": 5,
    "out_dim": 3,
    "output_dims": [
      1,
      1,
      1
    ],
    "output_fields": [
      "Ux",
      "Uy",
      "p"
    ],
    "slice_num": 64,
    "space_dim": 2,
    "use_ada_temp": false,
    "use_rep_slice": false
  },
  "val_avg": {
    "avg/mae_surf_Ux": 0.5829116058333011,
    "avg/mae_surf_Uy": 0.32619664989723596,
    "avg/mae_surf_p": 44.562361088303575,
    "avg/mae_vol_Ux": 2.2129005816936793,
    "avg/mae_vol_Uy": 0.906079659605701,
    "avg/mae_vol_p": 48.2688183363881
  },
  "test_avg": {
    "avg/mae_surf_Ux": 0.5490997739361513,
    "avg/mae_surf_Uy": 0.29745440698428405,
    "avg/mae_surf_p": 38.069791203354455,
    "avg/mae_vol_Ux": 2.0783934412641334,
    "avg/mae_vol_Uy": 0.834369654991281,
    "avg/mae_vol_p": 42.314793844302635
  },
  "val_per_split": {
    "val_single_in_dist": {
      "vol_loss": 0.11159808866679669,
      "surf_loss": 0.0779053521156311,
      "loss": 0.8906516098231076,
      "mae_surf_Ux": 0.48852870224436834,
      "mae_vol_Ux": 2.2264700287739916,
      "mae_surf_Uy": 0.29058899657373477,
      "mae_vol_Uy": 0.8131931690544778,
      "mae_surf_p": 44.349309339053306,
      "mae_vol_p": 51.8308076328323
    },
    "val_geom_camber_rc": {
      "vol_loss": 0.20973025560379027,
      "surf_loss": 0.11042821591719985,
      "loss": 1.3140124147757888,
      "mae_surf_Ux": 0.8631646978384523,
      "mae_vol_Ux": 2.920655163225564,
      "mae_surf_Uy": 0.47052556046777033,
      "mae_vol_Uy": 1.353749133206776,
      "mae_surf_p": 61.28369283470636,
      "mae_vol_p": 65.56775865242273
    },
    "val_geom_camber_cruise": {
      "vol_loss": 0.04025494573637843,
      "surf_loss": 0.01714878687169403,
      "loss": 0.21174281445331872,
      "mae_surf_Ux": 0.36530847483459034,
      "mae_vol_Ux": 1.5685620959016886,
      "mae_surf_Uy": 0.2084302599050015,
      "mae_vol_Uy": 0.5483641593609635,
      "mae_surf_p": 27.00456621341886,
      "mae_vol_p": 29.193457163902572
    },
    "val_re_rand": {
      "vol_loss": 0.12488378211855888,
      "surf_loss": 0.06656498843804001,
      "loss": 0.7905336664989591,
      "mae_surf_Ux": 0.6146445484157935,
      "mae_vol_Ux": 2.135915038873473,
      "mae_surf_Uy": 0.33524178264243726,
      "mae_vol_Uy": 0.9090121768005869,
      "mae_surf_p": 45.61187596603577,
      "mae_vol_p": 46.48324989639482
    }
  },
  "test_per_split": {
    "test_single_in_dist": {
      "vol_loss": 0.12974215431138872,
      "surf_loss": 0.09223873249371536,
      "loss": 1.0521294792485425,
      "mae_surf_Ux": 0.49249372806985986,
      "mae_vol_Ux": 2.072725054757437,
      "mae_surf_Uy": 0.27939221935386194,
      "mae_vol_Uy": 0.7918234606132659,
      "mae_surf_p": 39.686578207277606,
      "mae_vol_p": 47.70995844833721
    },
    "test_geom_camber_rc": {
      "vol_loss": 0.1377859927713871,
      "surf_loss": 0.055691472869366404,
      "loss": 0.6947007214650511,
      "mae_surf_Ux": 0.8398336596873541,
      "mae_vol_Ux": 2.8302586742838125,
      "mae_surf_Uy": 0.43253434351546743,
      "mae_vol_Uy": 1.2496788601461164,
      "mae_surf_p": 53.1686403691596,
      "mae_vol_p": 57.396093546850054
    },
    "test_geom_camber_cruise": {
      "vol_loss": 0.6327827051561326,
      "surf_loss": 0.33669226338155567,
      "loss": 3.9997053389716895,
      "mae_surf_Ux": 0.3272639040039241,
      "mae_vol_Ux": 1.4643556201518966,
      "mae_surf_Uy": 0.1823600057787367,
      "mae_vol_Uy": 0.5053402938718065,
      "mae_surf_p": 21.820491295036955,
      "mae_vol_p": 24.900411838443475
    },
    "test_re_rand": {
      "vol_loss": 0.0744867119565606,
      "surf_loss": 0.036967605836689475,
      "loss": 0.44416277032345536,
      "mae_surf_Ux": 0.5368078039834672,
      "mae_vol_Ux": 1.9462344158633877,
      "mae_surf_Uy": 0.29553105928907003,
      "mae_vol_Uy": 0.7906360053339357,
      "mae_surf_p": 37.60345494194367,
      "mae_vol_p": 39.25271154357981
    }
  }
}