{
  "run_id": "nhj06b8t",
  "model_config": {
    "dropout": 0.0,
    "fourier_freq": 0,
    "fourier_scale": 5.0,
    "fun_dim": 22,
    "mlp_ratio": 2,
    "n_head": 4,
    "n_hidden": 128,
    "n_layers": 5,
    "out_dim": 3,
    "output_dims": [
      1,
      1,
      1
    ],
    "output_fields": [
      "Ux",
      "Uy",
      "p"
    ],
    "slice_num": 64,
    "space_dim": 2,
    "use_ada_temp": false,
    "use_rep_slice": false
  },
  "val_avg": {
    "avg/mae_surf_Ux": 0.5572055756568042,
    "avg/mae_surf_Uy": 0.3126011029334163,
    "avg/mae_surf_p": 40.499633212127925,
    "avg/mae_vol_Ux": 2.7293863268472505,
    "avg/mae_vol_Uy": 1.1664140493898243,
    "avg/mae_vol_p": 59.0401991518216
  },
  "test_avg": {
    "avg/mae_surf_Ux": 0.5294788388086135,
    "avg/mae_surf_Uy": 0.28989689594772927,
    "avg/mae_surf_p": 35.33571315139557,
    "avg/mae_vol_Ux": 2.5650317805074474,
    "avg/mae_vol_Uy": 1.0912503870927026,
    "avg/mae_vol_p": 53.57702644333577
  },
  "val_per_split": {
    "val_single_in_dist": {
      "vol_loss": 0.15857260346412658,
      "surf_loss": 0.08100726719247177,
      "loss": 0.9686452753888443,
      "mae_surf_Ux": 0.4257654371649421,
      "mae_vol_Ux": 2.863390190093243,
      "mae_surf_Uy": 0.2802348689455637,
      "mae_vol_Uy": 1.135010333757774,
      "mae_surf_p": 38.58486295334818,
      "mae_vol_p": 68.61500751478636
    },
    "val_geom_camber_rc": {
      "vol_loss": 0.2003232154250145,
      "surf_loss": 0.05941911095753312,
      "loss": 0.7945143250003457,
      "mae_surf_Ux": 0.8382201485214459,
      "mae_vol_Ux": 3.376456509788422,
      "mae_surf_Uy": 0.4444837373545392,
      "mae_vol_Uy": 1.60623450466088,
      "mae_surf_p": 55.03694134385406,
      "mae_vol_p": 73.99281732889695
    },
    "val_geom_camber_cruise": {
      "vol_loss": 0.060455638617277145,
      "surf_loss": 0.013370615225285291,
      "loss": 0.19416179087013005,
      "mae_surf_Ux": 0.35621670824645063,
      "mae_vol_Ux": 2.0697278557032117,
      "mae_surf_Uy": 0.19741677362675503,
      "mae_vol_Uy": 0.7636158719274877,
      "mae_surf_p": 25.140598873444542,
      "mae_vol_p": 38.70008294804475
    },
    "val_re_rand": {
      "vol_loss": 0.16889194503426552,
      "surf_loss": 0.06922103904187679,
      "loss": 0.8611023354530335,
      "mae_surf_Ux": 0.6086200086943779,
      "mae_vol_Ux": 2.6079707518041237,
      "mae_surf_Uy": 0.3282690318068072,
      "mae_vol_Uy": 1.1607954872131554,
      "mae_surf_p": 43.236129677864916,
      "mae_vol_p": 54.85288881555832
    }
  },
  "test_per_split": {
    "test_single_in_dist": {
      "vol_loss": 0.18684932854026556,
      "surf_loss": 0.08830822957213968,
      "loss": 1.0699316242616623,
      "mae_surf_Ux": 0.46446169426209827,
      "mae_vol_Ux": 2.6676835167861848,
      "mae_surf_Uy": 0.2807410914895952,
      "mae_vol_Uy": 1.1130365897024692,
      "mae_surf_p": 37.391482758497894,
      "mae_vol_p": 65.16298381434038
    },
    "test_geom_camber_rc": {
      "vol_loss": 0.17908249467611312,
      "surf_loss": 0.05194755317643285,
      "loss": 0.6985580264404416,
      "mae_surf_Ux": 0.8110542215390273,
      "mae_vol_Ux": 3.231539149503223,
      "mae_surf_Uy": 0.41468705901193853,
      "mae_vol_Uy": 1.5238923519959229,
      "mae_surf_p": 49.793589752058445,
      "mae_vol_p": 67.98789821700228
    },
    "test_geom_camber_cruise": {
      "vol_loss": 0.650670122820884,
      "surf_loss": 0.3354788211034611,
      "loss": 4.005458333855495,
      "mae_surf_Ux": 0.3281983244050122,
      "mae_vol_Ux": 1.9132640172698987,
      "mae_surf_Uy": 0.17750838429566723,
      "mae_vol_Uy": 0.6946858443174468,
      "mae_surf_p": 20.19268698738235,
      "mae_vol_p": 32.7751276875317
    },
    "test_re_rand": {
      "vol_loss": 0.10241492986679077,
      "surf_loss": 0.02725910914829001,
      "loss": 0.37500602134969085,
      "mae_surf_Ux": 0.5142011150283161,
      "mae_vol_Ux": 2.447640438470483,
      "mae_surf_Uy": 0.28665104899371613,
      "mae_vol_Uy": 1.033386762354971,
      "mae_surf_p": 33.9650931076436,
      "mae_vol_p": 48.382096054468725
    }
  }
}