{
  "run_id": "y9of0py4",
  "model_config": {
    "dropout": 0.0,
    "fourier_freq": 0,
    "fourier_scale": 5.0,
    "fun_dim": 22,
    "mlp_ratio": 2,
    "n_head": 4,
    "n_hidden": 128,
    "n_layers": 5,
    "out_dim": 3,
    "output_dims": [
      1,
      1,
      1
    ],
    "output_fields": [
      "Ux",
      "Uy",
      "p"
    ],
    "slice_num": 64,
    "space_dim": 2,
    "use_ada_temp": false,
    "use_rep_slice": false
  },
  "val_avg": {
    "avg/mae_surf_Ux": 0.8460421466100193,
    "avg/mae_surf_Uy": 0.41874074704412545,
    "avg/mae_surf_p": 53.72671528901655,
    "avg/mae_vol_Ux": 2.8288034348095454,
    "avg/mae_vol_Uy": 1.205083921853027,
    "avg/mae_vol_p": 60.80100896648045
  },
  "test_avg": {
    "avg/mae_surf_Ux": 0.7883605094423475,
    "avg/mae_surf_Uy": 0.3883131436155777,
    "avg/mae_surf_p": 46.58905277308148,
    "avg/mae_vol_Ux": 2.6398213430669477,
    "avg/mae_vol_Uy": 1.1119309316619281,
    "avg/mae_vol_p": 54.27982744552963
  },
  "val_per_split": {
    "val_single_in_dist": {
      "vol_loss": 0.1971209765970707,
      "surf_loss": 0.15332796707749366,
      "loss": 1.7304006473720073,
      "mae_surf_Ux": 0.7387090973629462,
      "mae_vol_Ux": 2.9325222553792045,
      "mae_surf_Uy": 0.39212322605335576,
      "mae_vol_Uy": 1.1597148230615917,
      "mae_surf_p": 56.23394662411442,
      "mae_vol_p": 71.2430312807343
    },
    "val_geom_camber_rc": {
      "vol_loss": 0.24866367518901825,
      "surf_loss": 0.09291461121290923,
      "loss": 1.1778097873181106,
      "mae_surf_Ux": 1.2924842441962645,
      "mae_vol_Ux": 3.7225381020542523,
      "mae_surf_Uy": 0.575700972160183,
      "mae_vol_Uy": 1.7645513049366934,
      "mae_surf_p": 67.85874997086549,
      "mae_vol_p": 75.76730486257546
    },
    "val_geom_camber_cruise": {
      "vol_loss": 0.05992417082190513,
      "surf_loss": 0.02251407766714692,
      "loss": 0.28506494749337435,
      "mae_surf_Ux": 0.48106538031697194,
      "mae_vol_Ux": 2.0000057872701698,
      "mae_surf_Uy": 0.27181082185110844,
      "mae_vol_Uy": 0.7226172994562932,
      "mae_surf_p": 35.937971799191764,
      "mae_vol_p": 39.01242888983709
    },
    "val_re_rand": {
      "vol_loss": 0.17204029336571694,
      "surf_loss": 0.08080009931698441,
      "loss": 0.980041286535561,
      "mae_surf_Ux": 0.8719098645638946,
      "mae_vol_Ux": 2.6601475945345556,
      "mae_surf_Uy": 0.4353279681118547,
      "mae_vol_Uy": 1.1734522599575299,
      "mae_surf_p": 54.87619276189456,
      "mae_vol_p": 57.181270832774985
    }
  },
  "test_per_split": {
    "test_single_in_dist": {
      "vol_loss": 0.1925401569902897,
      "surf_loss": 0.13534816514933481,
      "loss": 1.546021808483638,
      "mae_surf_Ux": 0.726275592395472,
      "mae_vol_Ux": 2.6908657837429306,
      "mae_surf_Uy": 0.3817264875266262,
      "mae_vol_Uy": 1.0909886616500757,
      "mae_surf_p": 49.93894328372959,
      "mae_vol_p": 63.91073432060077
    },
    "test_geom_camber_rc": {
      "vol_loss": 0.1980730690062046,
      "surf_loss": 0.07371422439813614,
      "loss": 0.935215312987566,
      "mae_surf_Ux": 1.2344657753919752,
      "mae_vol_Ux": 3.534187311089193,
      "mae_surf_Uy": 0.5399725180672099,
      "mae_vol_Uy": 1.6401996230481763,
      "mae_surf_p": 60.714353527333245,
      "mae_vol_p": 69.380182829248
    },
    "test_geom_camber_cruise": {
      "vol_loss": 0.6496303634345532,
      "surf_loss": 0.3418726261914708,
      "loss": 4.068356625349261,
      "mae_surf_Ux": 0.4412054757536555,
      "mae_vol_Ux": 1.8587941587874541,
      "mae_surf_Uy": 0.24739911492751535,
      "mae_vol_Uy": 0.6581869825558331,
      "mae_surf_p": 30.40583589136658,
      "mae_vol_p": 33.44476548919746
    },
    "test_re_rand": {
      "vol_loss": 0.10873668495565653,
      "surf_loss": 0.0420021755900234,
      "loss": 0.5287584408558905,
      "mae_surf_Ux": 0.7514951942282871,
      "mae_vol_Ux": 2.4754381186482144,
      "mae_surf_Uy": 0.38415445394095943,
      "mae_vol_Uy": 1.0583484593936279,
      "mae_surf_p": 45.29707838989651,
      "mae_vol_p": 50.38362714307227
    }
  }
}