{
  "model_dir": "models/model-idjk0pxe",
  "model_config": {
    "dropout": 0.0,
    "fun_dim": 22,
    "grad_checkpoint": false,
    "mlp_ratio": 2,
    "n_head": 4,
    "n_hidden": 128,
    "n_layers": 5,
    "out_dim": 3,
    "output_dims": [
      1,
      1,
      1
    ],
    "output_fields": [
      "Ux",
      "Uy",
      "p"
    ],
    "ref": 8,
    "slice_num": 64,
    "space_dim": 2,
    "unified_pos": false
  },
  "n_params": 662359,
  "val_avg": {
    "avg/mae_surf_Ux": 1.0714442418884895,
    "avg/mae_surf_Uy": 0.5299891499480887,
    "avg/mae_surf_p": 69.68199536435891,
    "avg/mae_vol_Ux": 3.346679158103102,
    "avg/mae_vol_Uy": 1.4948986377648825,
    "avg/mae_vol_p": 76.78238903717335
  },
  "val_per_split": {
    "val_single_in_dist": {
      "vol_loss": 0.25004804104566575,
      "surf_loss": 0.17271565780043602,
      "loss": 1.977204619050026,
      "mae_surf_Ux": 0.9478755509663321,
      "mae_vol_Ux": 3.5468584798240927,
      "mae_surf_Uy": 0.4896480077975794,
      "mae_vol_Uy": 1.4622120290146587,
      "mae_surf_p": 76.87959818335426,
      "mae_vol_p": 89.7001764173188
    },
    "val_geom_camber_rc": {
      "vol_loss": 0.3048822963237762,
      "surf_loss": 0.1206748116761446,
      "loss": 1.5116304130852223,
      "mae_surf_Ux": 1.6287180037528401,
      "mae_vol_Ux": 4.170672210988094,
      "mae_surf_Uy": 0.6771799437401451,
      "mae_vol_Uy": 2.106399670947872,
      "mae_surf_p": 81.27255989620438,
      "mae_vol_p": 91.07489390494194
    },
    "val_geom_camber_cruise": {
      "vol_loss": 0.09347840573638677,
      "surf_loss": 0.040195641652680934,
      "loss": 0.49543482226319613,
      "mae_surf_Ux": 0.6060575694587411,
      "mae_vol_Ux": 2.4916733101503734,
      "mae_surf_Uy": 0.4060562096922109,
      "mae_vol_Uy": 0.9344381728859135,
      "mae_surf_p": 52.47684517490158,
      "mae_vol_p": 55.03691686386765
    },
    "val_re_rand": {
      "vol_loss": 0.2210477164387703,
      "surf_loss": 0.09933735623955726,
      "loss": 1.214421278834343,
      "mae_surf_Ux": 1.1031258433760451,
      "mae_vol_Ux": 3.177512631449847,
      "mae_surf_Uy": 0.5470724385624195,
      "mae_vol_Uy": 1.476544678211086,
      "mae_surf_p": 68.0989782029754,
      "mae_vol_p": 71.317568962565
    }
  },
  "test_avg": {
    "avg/mae_surf_Ux": 1.0085715246668807,
    "avg/mae_surf_Uy": 0.4961265272248737,
    "avg/mae_surf_p": 60.943318210754185,
    "avg/mae_vol_Ux": 3.14723628503916,
    "avg/mae_vol_Uy": 1.3968753491983428,
    "avg/mae_vol_p": 68.72819424956505
  },
  "test_per_split": {
    "test_single_in_dist": {
      "vol_loss": 0.25038799915462734,
      "surf_loss": 0.16462417772039772,
      "loss": 1.8966297763586046,
      "mae_surf_Ux": 0.9552804277354554,
      "mae_vol_Ux": 3.2517256356161814,
      "mae_surf_Uy": 0.4776452488416878,
      "mae_vol_Uy": 1.3911251791671324,
      "mae_surf_p": 66.57477001129831,
      "mae_vol_p": 81.22904070918484
    },
    "test_geom_camber_rc": {
      "vol_loss": 0.25129777774214745,
      "surf_loss": 0.09579933192580939,
      "loss": 1.2092910970002413,
      "mae_surf_Ux": 1.5708786317495071,
      "mae_vol_Ux": 4.0343770184367385,
      "mae_surf_Uy": 0.6356420967305488,
      "mae_vol_Uy": 2.0031407844755322,
      "mae_surf_p": 72.81121116889538,
      "mae_vol_p": 80.67043877474384
    },
    "test_geom_camber_cruise": {
      "vol_loss": 0.0772205694951117,
      "surf_loss": 0.02680236176820472,
      "loss": 0.3452441871771589,
      "mae_surf_Ux": 0.5554359559943478,
      "mae_vol_Ux": 2.3111469907174698,
      "mae_surf_Uy": 0.36070495694609683,
      "mae_vol_Uy": 0.8518183504182653,
      "mae_surf_p": 43.032880473241065,
      "mae_vol_p": 47.176879875004175
    },
    "test_re_rand": {
      "vol_loss": 0.15789248317480087,
      "surf_loss": 0.06333458775654435,
      "loss": 0.7912383607402443,
      "mae_surf_Ux": 0.9526910831882128,
      "mae_vol_Ux": 2.9916954953862516,
      "mae_surf_Uy": 0.5105138063811614,
      "mae_vol_Uy": 1.3414170827324414,
      "mae_surf_p": 61.35441118958198,
      "mae_vol_p": 65.83641763932731
    }
  }
}