{
  "model_dir": "models/model-npa8v6ul",
  "model_config": {
    "dropout": 0.0,
    "fun_dim": 22,
    "grad_checkpoint": false,
    "mlp_ratio": 2,
    "n_head": 4,
    "n_hidden": 128,
    "n_layers": 5,
    "out_dim": 3,
    "output_dims": [
      1,
      1,
      1
    ],
    "output_fields": [
      "Ux",
      "Uy",
      "p"
    ],
    "ref": 8,
    "slice_num": 64,
    "space_dim": 2,
    "unified_pos": false
  },
  "n_params": 662359,
  "val_avg": {
    "avg/mae_surf_Ux": 0.5433205952782816,
    "avg/mae_surf_Uy": 0.30126872008110755,
    "avg/mae_surf_p": 37.77726633028971,
    "avg/mae_vol_Ux": 1.884556098168727,
    "avg/mae_vol_Uy": 0.769823646245904,
    "avg/mae_vol_p": 40.28324622287712
  },
  "val_per_split": {
    "val_single_in_dist": {
      "vol_loss": 0.09578988617286086,
      "surf_loss": 0.06449038585647941,
      "loss": 0.740693744737655,
      "mae_surf_Ux": 0.44223766741594606,
      "mae_vol_Ux": 1.8533075693669052,
      "mae_surf_Uy": 0.2695216459089696,
      "mae_vol_Uy": 0.6770032554284373,
      "mae_surf_p": 36.545760090388086,
      "mae_vol_p": 42.911467224165676
    },
    "val_geom_camber_rc": {
      "vol_loss": 0.12657008141279222,
      "surf_loss": 0.05510017778724432,
      "loss": 0.6775718592852354,
      "mae_surf_Ux": 0.8013757446753318,
      "mae_vol_Ux": 2.533659571130886,
      "mae_surf_Uy": 0.4247725588354473,
      "mae_vol_Uy": 1.1533854040841178,
      "mae_surf_p": 51.169982691811185,
      "mae_vol_p": 53.39830004341788
    },
    "val_geom_camber_cruise": {
      "vol_loss": 0.02753629084676504,
      "surf_loss": 0.011275738847907633,
      "loss": 0.14029367932584139,
      "mae_surf_Ux": 0.33143770035269043,
      "mae_vol_Ux": 1.2941386266165118,
      "mae_surf_Uy": 0.19304616682969,
      "mae_vol_Uy": 0.45630028435126996,
      "mae_surf_p": 21.961904281444664,
      "mae_vol_p": 23.738905526498993
    },
    "val_re_rand": {
      "vol_loss": 0.1235381017997861,
      "surf_loss": 0.0747053524851799,
      "loss": 0.8705916266515851,
      "mae_surf_Ux": 0.5982312686691582,
      "mae_vol_Ux": 1.8571186255606051,
      "mae_surf_Uy": 0.3177345087503232,
      "mae_vol_Uy": 0.7926056411197913,
      "mae_surf_p": 41.43141825751493,
      "mae_vol_p": 41.08431209742591
    }
  },
  "test_avg": {
    "avg/mae_surf_Ux": 0.5008675730616055,
    "avg/mae_surf_Uy": 0.2784036312079862,
    "avg/mae_surf_p": 33.124570451251145,
    "avg/mae_vol_Ux": 1.7521931852981234,
    "avg/mae_vol_Uy": 0.7023571785951808,
    "avg/mae_vol_p": 35.88588345957557
  },
  "test_per_split": {
    "test_single_in_dist": {
      "vol_loss": 0.10178402123972774,
      "surf_loss": 0.07888893208000809,
      "loss": 0.8906733420398086,
      "mae_surf_Ux": 0.45939449739397215,
      "mae_vol_Ux": 1.7146234011038664,
      "mae_surf_Uy": 0.27077760893133745,
      "mae_vol_Uy": 0.6560832590445643,
      "mae_surf_p": 34.54188747120252,
      "mae_vol_p": 39.896793313647024
    },
    "test_geom_camber_rc": {
      "vol_loss": 0.12216392271220684,
      "surf_loss": 0.05305118707939983,
      "loss": 0.6526757935062052,
      "mae_surf_Ux": 0.7708343046503198,
      "mae_vol_Ux": 2.4508133339397786,
      "mae_surf_Uy": 0.4060331500804882,
      "mae_vol_Uy": 1.094860891269271,
      "mae_surf_p": 48.48289573061504,
      "mae_vol_p": 51.27463191014716
    },
    "test_geom_camber_cruise": {
      "vol_loss": 0.02250774362590164,
      "surf_loss": 0.0073327701515518125,
      "loss": 0.09583544514141976,
      "mae_surf_Ux": 0.2990443828863728,
      "mae_vol_Ux": 1.2154893927811876,
      "mae_surf_Uy": 0.16932500941184297,
      "mae_vol_Uy": 0.406180575265266,
      "mae_surf_p": 18.155065013422536,
      "mae_vol_p": 20.051244415267806
    },
    "test_re_rand": {
      "vol_loss": 0.05360335411503911,
      "surf_loss": 0.02655935330549255,
      "loss": 0.31919688716996464,
      "mae_surf_Ux": 0.4741971073157571,
      "mae_vol_Ux": 1.6278466133676603,
      "mae_surf_Uy": 0.2674787564082764,
      "mae_vol_Uy": 0.6523039888016215,
      "mae_surf_p": 31.31843358976448,
      "mae_vol_p": 32.32086419924028
    }
  }
}