{
  "model_dir": "models/model-m5vmvmce",
  "model_config": {
    "dropout": 0.0,
    "fun_dim": 22,
    "grad_checkpoint": false,
    "mlp_ratio": 2,
    "n_head": 4,
    "n_hidden": 128,
    "n_layers": 5,
    "out_dim": 3,
    "output_dims": [
      1,
      1,
      1
    ],
    "output_fields": [
      "Ux",
      "Uy",
      "p"
    ],
    "ref": 8,
    "slice_num": 64,
    "space_dim": 2,
    "unified_pos": false
  },
  "n_params": 662359,
  "val_avg": {
    "avg/mae_surf_Ux": 0.6251615993469531,
    "avg/mae_surf_Uy": 0.3375715592779466,
    "avg/mae_surf_p": 43.83171723363081,
    "avg/mae_vol_Ux": 2.3406155282190446,
    "avg/mae_vol_Uy": 0.9516300774004499,
    "avg/mae_vol_p": 48.42173300906637
  },
  "val_per_split": {
    "val_single_in_dist": {
      "vol_loss": 0.12875739384442567,
      "surf_loss": 0.09189744957722723,
      "loss": 1.047731889616698,
      "mae_surf_Ux": 0.5400411215525039,
      "mae_vol_Ux": 2.3987786826590733,
      "mae_surf_Uy": 0.3120344036236162,
      "mae_vol_Uy": 0.8709772025963026,
      "mae_surf_p": 43.93191595877535,
      "mae_vol_p": 53.084747468696555
    },
    "val_geom_camber_rc": {
      "vol_loss": 0.16666851043701172,
      "surf_loss": 0.06871031019836664,
      "loss": 0.8537716124206781,
      "mae_surf_Ux": 0.9249502215487085,
      "mae_vol_Ux": 3.0265758581683735,
      "mae_surf_Uy": 0.4731890101478081,
      "mae_vol_Uy": 1.40027605069804,
      "mae_surf_p": 58.49893410308013,
      "mae_vol_p": 62.610251591421886
    },
    "val_geom_camber_cruise": {
      "vol_loss": 0.0450415063649416,
      "surf_loss": 0.015964023226406426,
      "loss": 0.20468173862900585,
      "mae_surf_Ux": 0.37654479276334085,
      "mae_vol_Ux": 1.6834313594309247,
      "mae_surf_Uy": 0.22063887367938462,
      "mae_vol_Uy": 0.5882030689938279,
      "mae_surf_p": 28.03789638567086,
      "mae_vol_p": 31.147291459839746
    },
    "val_re_rand": {
      "vol_loss": 0.12784771539270878,
      "surf_loss": 0.061962668746709824,
      "loss": 0.747474402859807,
      "mae_surf_Ux": 0.6591102615232592,
      "mae_vol_Ux": 2.253676212617806,
      "mae_surf_Uy": 0.3444239496609774,
      "mae_vol_Uy": 0.9470639873136292,
      "mae_surf_p": 44.858122486996905,
      "mae_vol_p": 46.8446415163073
    }
  },
  "test_avg": {
    "avg/mae_surf_Ux": 0.5752823319815783,
    "avg/mae_surf_Uy": 0.3093124108878029,
    "avg/mae_surf_p": 37.7590478582958,
    "avg/mae_vol_Ux": 2.1874427399041316,
    "avg/mae_vol_Uy": 0.8750505031124147,
    "avg/mae_vol_p": 43.376416687709415
  },
  "test_per_split": {
    "test_single_in_dist": {
      "vol_loss": 0.13288987392559648,
      "surf_loss": 0.08311619026819245,
      "loss": 0.964051776607521,
      "mae_surf_Ux": 0.5468024637947073,
      "mae_vol_Ux": 2.2559808211558976,
      "mae_surf_Uy": 0.3059870648641708,
      "mae_vol_Uy": 0.8432427752437062,
      "mae_surf_p": 40.20367067574237,
      "mae_vol_p": 51.23896314283307
    },
    "test_geom_camber_rc": {
      "vol_loss": 0.14128620095551014,
      "surf_loss": 0.05290262952446938,
      "loss": 0.6703124962002039,
      "mae_surf_Ux": 0.8611393554763118,
      "mae_vol_Ux": 2.9056766984700233,
      "mae_surf_Uy": 0.43026526718253244,
      "mae_vol_Uy": 1.2999464295578007,
      "mae_surf_p": 51.09296078205277,
      "mae_vol_p": 56.44581714197236
    },
    "test_geom_camber_cruise": {
      "vol_loss": 0.03558736313134432,
      "surf_loss": 0.009779901289148256,
      "loss": 0.13338637602282688,
      "mae_surf_Ux": 0.34272481496802465,
      "mae_vol_Ux": 1.546425379299238,
      "mae_surf_Uy": 0.1976183378696608,
      "mae_vol_Uy": 0.5277671139878591,
      "mae_surf_p": 23.004593295968835,
      "mae_vol_p": 26.156770217393948
    },
    "test_re_rand": {
      "vol_loss": 0.07560236409306526,
      "surf_loss": 0.0308620775770396,
      "loss": 0.38422313986346124,
      "mae_surf_Ux": 0.5504626936872693,
      "mae_vol_Ux": 2.041688060691368,
      "mae_surf_Uy": 0.30337897363484767,
      "mae_vol_Uy": 0.829245693660293,
      "mae_surf_p": 36.734966679419244,
      "mae_vol_p": 39.66411624863826
    }
  }
}