{
  "model_dir": "models/model-hfr1dwyq",
  "model_config": {
    "dropout": 0.0,
    "fun_dim": 22,
    "grad_checkpoint": false,
    "mlp_ratio": 2,
    "n_head": 4,
    "n_hidden": 128,
    "n_layers": 5,
    "out_dim": 3,
    "output_dims": [
      1,
      1,
      1
    ],
    "output_fields": [
      "Ux",
      "Uy",
      "p"
    ],
    "ref": 8,
    "slice_num": 64,
    "space_dim": 2,
    "unified_pos": false
  },
  "n_params": 662359,
  "val_avg": {
    "avg/mae_surf_Ux": 0.8599769028106071,
    "avg/mae_surf_Uy": 0.45264009540626443,
    "avg/mae_surf_p": 59.96214483754715,
    "avg/mae_vol_Ux": 2.917267342448719,
    "avg/mae_vol_Uy": 1.2563250709745437,
    "avg/mae_vol_p": 65.99736158429722
  },
  "val_per_split": {
    "val_single_in_dist": {
      "vol_loss": 0.2332780123502016,
      "surf_loss": 0.20830005299299956,
      "loss": 2.3162785422801973,
      "mae_surf_Ux": 0.76240133626739,
      "mae_vol_Ux": 3.0863848655766755,
      "mae_surf_Uy": 0.4350979063950894,
      "mae_vol_Uy": 1.259650046638644,
      "mae_surf_p": 65.59014281724441,
      "mae_vol_p": 76.88316015425326
    },
    "val_geom_camber_rc": {
      "vol_loss": 0.2370909720659256,
      "surf_loss": 0.0936858194693923,
      "loss": 1.1739491667598487,
      "mae_surf_Ux": 1.2847023411659872,
      "mae_vol_Ux": 3.7034354793615107,
      "mae_surf_Uy": 0.5984656516665415,
      "mae_vol_Uy": 1.747440779096074,
      "mae_surf_p": 72.51654282891532,
      "mae_vol_p": 80.15650706389144
    },
    "val_geom_camber_cruise": {
      "vol_loss": 0.07064008191227913,
      "surf_loss": 0.026002955599687995,
      "loss": 0.33066963790915904,
      "mae_surf_Ux": 0.5165520566548337,
      "mae_vol_Ux": 2.100418212938401,
      "mae_surf_Uy": 0.3192109705244185,
      "mae_vol_Uy": 0.7795099103978863,
      "mae_surf_p": 41.435010075210734,
      "mae_vol_p": 43.59643194619787
    },
    "val_re_rand": {
      "vol_loss": 0.18409519150853157,
      "surf_loss": 0.08599115451797842,
      "loss": 1.044006736688316,
      "mae_surf_Ux": 0.8762518771542175,
      "mae_vol_Ux": 2.7788308119182874,
      "mae_surf_Uy": 0.4577858530390085,
      "mae_vol_Uy": 1.2386995477655705,
      "mae_surf_p": 60.306883628818134,
      "mae_vol_p": 63.35334717284634
    }
  },
  "test_avg": {
    "avg/mae_surf_Ux": 0.802537014954463,
    "avg/mae_surf_Uy": 0.4158890526692107,
    "avg/mae_surf_p": 51.63697929445765,
    "avg/mae_vol_Ux": 2.7309622361220933,
    "avg/mae_vol_Uy": 1.1499494622671036,
    "avg/mae_vol_p": 59.05202049991726
  },
  "test_per_split": {
    "test_single_in_dist": {
      "vol_loss": 0.1943809185922146,
      "surf_loss": 0.10976487133651971,
      "loss": 1.2920296319574116,
      "mae_surf_Ux": 0.7552097718085022,
      "mae_vol_Ux": 2.8430582596809653,
      "mae_surf_Uy": 0.39971291118586727,
      "mae_vol_Uy": 1.1632362232050222,
      "mae_surf_p": 55.848777266917054,
      "mae_vol_p": 70.6945402528761
    },
    "test_geom_camber_rc": {
      "vol_loss": 0.19824166789650918,
      "surf_loss": 0.07305839616805315,
      "loss": 0.9288256295770407,
      "mae_surf_Ux": 1.208050750523786,
      "mae_vol_Ux": 3.552521420832827,
      "mae_surf_Uy": 0.5595529571296962,
      "mae_vol_Uy": 1.6345092414748634,
      "mae_surf_p": 63.98709716838366,
      "mae_vol_p": 72.31218684463488
    },
    "test_geom_camber_cruise": {
      "vol_loss": 0.05676095278933644,
      "surf_loss": 0.01770167813869193,
      "loss": 0.23377773417625575,
      "mae_surf_Ux": 0.4704885621400768,
      "mae_vol_Ux": 1.9645403463361277,
      "mae_surf_Uy": 0.2828858272836014,
      "mae_vol_Uy": 0.7009683546373834,
      "mae_surf_p": 34.62897796857344,
      "mae_vol_p": 37.57747832338636
    },
    "test_re_rand": {
      "vol_loss": 0.11942692682147026,
      "surf_loss": 0.048680396499112245,
      "loss": 0.6062308918125927,
      "mae_surf_Ux": 0.7763989753454866,
      "mae_vol_Ux": 2.5637289176384535,
      "mae_surf_Uy": 0.421404515077678,
      "mae_vol_Uy": 1.101084029751145,
      "mae_surf_p": 52.08306477395647,
      "mae_vol_p": 55.623876578771736
    }
  }
}