{
  "run_ids": [
    "necjs23h",
    "pcatusyd"
  ],
  "val_avg": {
    "avg/mae_surf_Ux": 0.50338893362312,
    "avg/mae_surf_Uy": 0.28273118292038235,
    "avg/mae_surf_p": 36.7483041699143,
    "avg/mae_vol_Ux": 1.9841096402238894,
    "avg/mae_vol_Uy": 0.7963704135346769,
    "avg/mae_vol_p": 40.48693177637017
  },
  "test_avg": {
    "avg/mae_surf_Ux": 0.4713689572971823,
    "avg/mae_surf_Uy": 0.2623568240167987,
    "avg/mae_surf_p": 31.74273952026588,
    "avg/mae_vol_Ux": 1.8684031655025024,
    "avg/mae_vol_Uy": 0.734181091671742,
    "avg/mae_vol_p": 36.35090642319836
  },
  "val_per_split": {
    "val_single_in_dist": {
      "mae_surf_Ux": 0.3970292869829013,
      "mae_vol_Ux": 1.9797050084342116,
      "mae_surf_Uy": 0.24970291729798996,
      "mae_vol_Uy": 0.7093913500019567,
      "mae_surf_p": 33.733561190414775,
      "mae_vol_p": 41.584221714791674
    },
    "val_geom_camber_rc": {
      "mae_surf_Ux": 0.7483146865099289,
      "mae_vol_Ux": 2.6093017138770844,
      "mae_surf_Uy": 0.40726081053867325,
      "mae_vol_Uy": 1.1856982272931345,
      "mae_surf_p": 50.896256719055664,
      "mae_vol_p": 54.593343667456665
    },
    "val_geom_camber_cruise": {
      "mae_surf_Ux": 0.3122546239201381,
      "mae_vol_Ux": 1.4281535513896513,
      "mae_surf_Uy": 0.17937687190071971,
      "mae_vol_Uy": 0.4831036038516295,
      "mae_surf_p": 23.088714782118938,
      "mae_vol_p": 25.068224187085537
    },
    "val_re_rand": {
      "mae_surf_Ux": 0.5559571370795117,
      "mae_vol_Ux": 1.9192782871946097,
      "mae_surf_Uy": 0.2945841319441465,
      "mae_vol_Uy": 0.8072884729919867,
      "mae_surf_p": 39.27468398806783,
      "mae_vol_p": 40.701937536146815
    }
  },
  "test_per_split": {
    "test_single_in_dist": {
      "mae_surf_Ux": 0.42611402997828346,
      "mae_vol_Ux": 1.857996089167001,
      "mae_surf_Uy": 0.2510099689021708,
      "mae_vol_Uy": 0.7100751516115068,
      "mae_surf_p": 33.375673657532694,
      "mae_vol_p": 41.00930749376232
    },
    "test_geom_camber_rc": {
      "mae_surf_Ux": 0.724607546627687,
      "mae_vol_Ux": 2.543421425618233,
      "mae_surf_Uy": 0.38038488457452363,
      "mae_vol_Uy": 1.1049510273296275,
      "mae_surf_p": 44.818463928401904,
      "mae_vol_p": 50.11646026378218
    },
    "test_geom_camber_cruise": {
      "mae_surf_Ux": 0.28446016878875163,
      "mae_vol_Ux": 1.3244701486862316,
      "mae_surf_Uy": 0.16165466498622133,
      "mae_vol_Uy": 0.43439114290060077,
      "mae_surf_p": 18.52026346323722,
      "mae_vol_p": 21.063464714533374
    },
    "test_re_rand": {
      "mae_surf_Ux": 0.4502940837940073,
      "mae_vol_Ux": 1.747724998538543,
      "mae_surf_Uy": 0.25637777760427904,
      "mae_vol_Uy": 0.6873070448452325,
      "mae_surf_p": 30.256557031891695,
      "mae_vol_p": 33.21439322071554
    }
  }
}