{
  "model_dir": "models/model-p43mi5nx",
  "model_config": {
    "dropout": 0.0,
    "fun_dim": 22,
    "grad_checkpoint": false,
    "mlp_ratio": 2,
    "n_head": 8,
    "n_hidden": 192,
    "n_layers": 6,
    "out_dim": 3,
    "output_dims": [
      1,
      1,
      1
    ],
    "output_fields": [
      "Ux",
      "Uy",
      "p"
    ],
    "ref": 8,
    "slice_num": 32,
    "space_dim": 2,
    "unified_pos": false
  },
  "n_params": 1696755,
  "val_avg": {
    "avg/mae_surf_Ux": 0.7326390919123946,
    "avg/mae_surf_Uy": 0.38616326709791815,
    "avg/mae_surf_p": 50.161243901754624,
    "avg/mae_vol_Ux": 2.3978729094034463,
    "avg/mae_vol_Uy": 0.9819377624097793,
    "avg/mae_vol_p": 51.20210203260781
  },
  "val_per_split": {
    "val_single_in_dist": {
      "vol_loss": 0.15957004636526106,
      "surf_loss": 0.1530955356359482,
      "loss": 1.690525402724743,
      "mae_surf_Ux": 0.657604524961632,
      "mae_vol_Ux": 2.490797807004005,
      "mae_surf_Uy": 0.35942972568334747,
      "mae_vol_Uy": 0.9215608437324087,
      "mae_surf_p": 53.91230038405266,
      "mae_vol_p": 57.31300553920807
    },
    "val_geom_camber_rc": {
      "vol_loss": 0.1647085143625736,
      "surf_loss": 0.0709133480861783,
      "loss": 0.8738419952243567,
      "mae_surf_Ux": 1.0549807535601805,
      "mae_vol_Ux": 3.1083598673395394,
      "mae_surf_Uy": 0.5339316326759697,
      "mae_vol_Uy": 1.4294895966876477,
      "mae_surf_p": 63.0432997616628,
      "mae_vol_p": 64.49261120337246
    },
    "val_geom_camber_cruise": {
      "vol_loss": 0.04462905496358872,
      "surf_loss": 0.018725880552083254,
      "loss": 0.23188786048442125,
      "mae_surf_Ux": 0.44205166045144506,
      "mae_vol_Ux": 1.6864680142741202,
      "mae_surf_Uy": 0.2546889342264763,
      "mae_vol_Uy": 0.5847923249336731,
      "mae_surf_p": 32.31229749480729,
      "mae_vol_p": 32.34446216942109
    },
    "val_re_rand": {
      "vol_loss": 0.1394130426645279,
      "surf_loss": 0.07170932780951261,
      "loss": 0.856506320759654,
      "mae_surf_Ux": 0.7759194286763212,
      "mae_vol_Ux": 2.305865948996121,
      "mae_surf_Uy": 0.39660277580587916,
      "mae_vol_Uy": 0.9919082842853878,
      "mae_surf_p": 51.37707796649573,
      "mae_vol_p": 50.65832921842963
    }
  },
  "test_avg": {
    "avg/mae_surf_Ux": 0.6807403233843297,
    "avg/mae_surf_Uy": 0.353877869139017,
    "avg/mae_surf_p": 42.78402113699697,
    "avg/mae_vol_Ux": 2.2416095172873263,
    "avg/mae_vol_Uy": 0.902519581051006,
    "avg/mae_vol_p": 45.662095554224656
  },
  "test_per_split": {
    "test_single_in_dist": {
      "vol_loss": 0.15111500278115272,
      "surf_loss": 0.10242553925141692,
      "loss": 1.175370395295322,
      "mae_surf_Ux": 0.6407750017930962,
      "mae_vol_Ux": 2.31632746836335,
      "mae_surf_Uy": 0.3477123682786096,
      "mae_vol_Uy": 0.8935148913885947,
      "mae_surf_p": 47.19809926424297,
      "mae_vol_p": 53.87042513992678
    },
    "test_geom_camber_rc": {
      "vol_loss": 0.15040167316794395,
      "surf_loss": 0.06110814714804292,
      "loss": 0.7614831446483732,
      "mae_surf_Ux": 1.0229799460607842,
      "mae_vol_Ux": 3.039138976907145,
      "mae_surf_Uy": 0.49310164686079755,
      "mae_vol_Uy": 1.3442253311452816,
      "mae_surf_p": 56.00714694953991,
      "mae_vol_p": 59.33540019978264
    },
    "test_geom_camber_cruise": {
      "vol_loss": 0.03559555263258517,
      "surf_loss": 0.011984366860706358,
      "loss": 0.15543922123964876,
      "mae_surf_Ux": 0.41405156097548923,
      "mae_vol_Ux": 1.5481363356023932,
      "mae_surf_Uy": 0.2291930530389856,
      "mae_vol_Uy": 0.5331251276778642,
      "mae_surf_p": 26.810476226500906,
      "mae_vol_p": 27.865815318617663
    },
    "test_re_rand": {
      "vol_loss": 0.0758590192720294,
      "surf_loss": 0.03451178144663572,
      "loss": 0.42097683373838657,
      "mae_surf_Ux": 0.645154784707949,
      "mae_vol_Ux": 2.0628352882764167,
      "mae_surf_Uy": 0.3455044083776753,
      "mae_vol_Uy": 0.8392129739922838,
      "mae_surf_p": 41.12036210770409,
      "mae_vol_p": 41.576741558571534
    }
  }
}