{
  "model_dir": "models/model-nzgju8bl",
  "model_config": {
    "dropout": 0.0,
    "fun_dim": 22,
    "grad_checkpoint": false,
    "mlp_ratio": 2,
    "n_head": 4,
    "n_hidden": 128,
    "n_layers": 5,
    "out_dim": 3,
    "output_dims": [
      1,
      1,
      1
    ],
    "output_fields": [
      "Ux",
      "Uy",
      "p"
    ],
    "ref": 8,
    "slice_num": 64,
    "space_dim": 2,
    "unified_pos": false
  },
  "n_params": 662359,
  "val_avg": {
    "avg/mae_surf_Ux": 1.0515965012042188,
    "avg/mae_surf_Uy": 0.43896403584243104,
    "avg/mae_surf_p": 58.49949295784586,
    "avg/mae_vol_Ux": 3.1190064992029916,
    "avg/mae_vol_Uy": 1.1976537962205909,
    "avg/mae_vol_p": 62.36846594735724
  },
  "val_per_split": {
    "val_single_in_dist": {
      "vol_loss": 0.1949060206115246,
      "surf_loss": 0.1647178044170141,
      "loss": 1.8420840647816656,
      "mae_surf_Ux": 1.0058662712412991,
      "mae_vol_Ux": 3.2726903726077325,
      "mae_surf_Uy": 0.44139151441444524,
      "mae_vol_Uy": 1.1923089725023848,
      "mae_surf_p": 64.73040749759133,
      "mae_vol_p": 72.38649450809443
    },
    "val_geom_camber_rc": {
      "vol_loss": 0.2547942952811718,
      "surf_loss": 0.10667080413550138,
      "loss": 1.3215023366361858,
      "mae_surf_Ux": 1.4557364243473216,
      "mae_vol_Ux": 3.975838930011376,
      "mae_surf_Uy": 0.5805500004529045,
      "mae_vol_Uy": 1.7318954397977986,
      "mae_surf_p": 74.14791849759044,
      "mae_vol_p": 80.19264718846483
    },
    "val_geom_camber_cruise": {
      "vol_loss": 0.06179736193269491,
      "surf_loss": 0.026254800194874407,
      "loss": 0.324345363881439,
      "mae_surf_Ux": 0.7062441601865225,
      "mae_vol_Ux": 2.29075331763597,
      "mae_surf_Uy": 0.29516979279291655,
      "mae_vol_Uy": 0.7093980422374654,
      "mae_surf_p": 39.056220963695175,
      "mae_vol_p": 38.77602381413264
    },
    "val_re_rand": {
      "vol_loss": 0.17112916342914106,
      "surf_loss": 0.07938174746930599,
      "loss": 0.9649466381222009,
      "mae_surf_Ux": 1.0385391490417317,
      "mae_vol_Ux": 2.936743376556889,
      "mae_surf_Uy": 0.43874483570945777,
      "mae_vol_Uy": 1.1570127303447146,
      "mae_surf_p": 56.06342487250649,
      "mae_vol_p": 58.118698278737035
    }
  },
  "test_avg": {
    "avg/mae_surf_Ux": 1.0059183290867915,
    "avg/mae_surf_Uy": 0.4105856437414832,
    "avg/mae_surf_p": 50.89081347251388,
    "avg/mae_vol_Ux": 2.9486620030596162,
    "avg/mae_vol_Uy": 1.1084568345659958,
    "avg/mae_vol_p": 56.205154266111606
  },
  "test_per_split": {
    "test_single_in_dist": {
      "vol_loss": 0.21730832133442163,
      "surf_loss": 0.13209766691550612,
      "loss": 1.5382849904894826,
      "mae_surf_Ux": 1.0412896057831933,
      "mae_vol_Ux": 3.1660753433578437,
      "mae_surf_Uy": 0.4226556582183276,
      "mae_vol_Uy": 1.130128073409495,
      "mae_surf_p": 57.32262355148397,
      "mae_vol_p": 68.26913987344784
    },
    "test_geom_camber_rc": {
      "vol_loss": 0.1953803451359272,
      "surf_loss": 0.0730518040806055,
      "loss": 0.9258983859419823,
      "mae_surf_Ux": 1.364103547853854,
      "mae_vol_Ux": 3.740269605818479,
      "mae_surf_Uy": 0.5456584381839384,
      "mae_vol_Uy": 1.6155211806495378,
      "mae_surf_p": 63.1585330141578,
      "mae_vol_p": 70.06903373211098
    },
    "test_geom_camber_cruise": {
      "vol_loss": 0.05081493604928255,
      "surf_loss": 0.017323750974610447,
      "loss": 0.22405244579538702,
      "mae_surf_Ux": 0.6726697623869005,
      "mae_vol_Ux": 2.1493315681507608,
      "mae_surf_Uy": 0.2667881715892362,
      "mae_vol_Uy": 0.6514984820671882,
      "mae_surf_p": 32.69625438973144,
      "mae_vol_p": 34.241159387253745
    },
    "test_re_rand": {
      "vol_loss": 0.11147596854716539,
      "surf_loss": 0.047903297133743764,
      "loss": 0.590508939884603,
      "mae_surf_Ux": 0.9456104003232183,
      "mae_vol_Ux": 2.738971494911382,
      "mae_surf_Uy": 0.4072403069744305,
      "mae_vol_Uy": 1.0366796021377618,
      "mae_surf_p": 50.3858429346823,
      "mae_vol_p": 52.24128407163387
    }
  }
}