{
  "run_id": "8s5o27g0",
  "model_config": {
    "dropout": 0.0,
    "fourier_freq": 16,
    "fourier_scale": 5.0,
    "fun_dim": 22,
    "mlp_ratio": 4,
    "n_head": 8,
    "n_hidden": 256,
    "n_layers": 8,
    "out_dim": 3,
    "output_dims": [
      1,
      1,
      1
    ],
    "output_fields": [
      "Ux",
      "Uy",
      "p"
    ],
    "slice_num": 64,
    "space_dim": 2,
    "use_ada_temp": false,
    "use_rep_slice": false
  },
  "val_avg": {
    "avg/mae_surf_Ux": 0.5288299766762448,
    "avg/mae_surf_Uy": 0.30966933111911654,
    "avg/mae_surf_p": 42.78625829050962,
    "avg/mae_vol_Ux": 2.2099339513673937,
    "avg/mae_vol_Uy": 0.8552541298167442,
    "avg/mae_vol_p": 43.526369991100516
  },
  "test_avg": {
    "avg/mae_surf_Ux": 0.4823658750368802,
    "avg/mae_surf_Uy": 0.2822457836771513,
    "avg/mae_surf_p": 36.3688061550757,
    "avg/mae_vol_Ux": 2.073975862961179,
    "avg/mae_vol_Uy": 0.7804501680797798,
    "avg/mae_vol_p": 37.82702317716567
  },
  "val_per_split": {
    "val_single_in_dist": {
      "vol_loss": 0.08872355644358322,
      "surf_loss": 0.08448357470493648,
      "loss": 0.933559303492948,
      "mae_surf_Ux": 0.4145600727953683,
      "mae_vol_Ux": 1.9289921658539797,
      "mae_surf_Uy": 0.2663397234902743,
      "mae_vol_Uy": 0.678985443327663,
      "mae_surf_p": 41.82347782393031,
      "mae_vol_p": 42.52711774331371
    },
    "val_geom_camber_rc": {
      "vol_loss": 0.20754460660740734,
      "surf_loss": 0.10402555051958189,
      "loss": 1.2478001118032263,
      "mae_surf_Ux": 0.7753271484543326,
      "mae_vol_Ux": 2.777861465773541,
      "mae_surf_Uy": 0.43644302402451324,
      "mae_vol_Uy": 1.2654078417404446,
      "mae_surf_p": 57.528094960208065,
      "mae_vol_p": 60.49931556204789
    },
    "val_geom_camber_cruise": {
      "vol_loss": 0.0544395665533375,
      "surf_loss": 0.018588601036462933,
      "loss": 0.24032557691796683,
      "mae_surf_Ux": 0.35406198658793575,
      "mae_vol_Ux": 1.9273511967792576,
      "mae_surf_Uy": 0.2182788264151653,
      "mae_vol_Uy": 0.5989642869761107,
      "mae_surf_p": 29.019212825926168,
      "mae_vol_p": 28.810136262719038
    },
    "val_re_rand": {
      "vol_loss": 0.1194850430637598,
      "surf_loss": 0.0633149436675012,
      "loss": 0.752634479738772,
      "mae_surf_Ux": 0.5713706988673422,
      "mae_vol_Ux": 2.205530977062796,
      "mae_surf_Uy": 0.31761575054651325,
      "mae_vol_Uy": 0.8776589472227584,
      "mae_surf_p": 42.77424755197394,
      "mae_vol_p": 42.26891039632145
    }
  },
  "test_per_split": {
    "test_single_in_dist": {
      "vol_loss": 0.10721014515205753,
      "surf_loss": 0.0882524093689426,
      "loss": 0.9897342388414836,
      "mae_surf_Ux": 0.409645677269251,
      "mae_vol_Ux": 1.7817083144971098,
      "mae_surf_Uy": 0.2535856927941034,
      "mae_vol_Uy": 0.6556483469334199,
      "mae_surf_p": 35.913011300979086,
      "mae_vol_p": 39.17318638983651
    },
    "test_geom_camber_rc": {
      "vol_loss": 0.1215205043181777,
      "surf_loss": 0.046949730126652864,
      "loss": 0.5910178055847064,
      "mae_surf_Ux": 0.7235949353785961,
      "mae_vol_Ux": 2.6216133807723065,
      "mae_surf_Uy": 0.3929226153027925,
      "mae_vol_Uy": 1.137660506779853,
      "mae_surf_p": 48.51063003827205,
      "mae_vol_p": 50.98622369239393
    },
    "test_geom_camber_cruise": {
      "vol_loss": 0.6512747838947689,
      "surf_loss": 0.3384839183658187,
      "loss": 4.036113967552955,
      "mae_surf_Ux": 0.3131570501330493,
      "mae_vol_Ux": 1.785243447975405,
      "mae_surf_Uy": 0.19671879594378705,
      "mae_vol_Uy": 0.5488848486018632,
      "mae_surf_p": 24.06131933854816,
      "mae_vol_p": 24.08690607078953
    },
    "test_re_rand": {
      "vol_loss": 0.07804615703178569,
      "surf_loss": 0.034207063888461564,
      "loss": 0.42011679591640133,
      "mae_surf_Ux": 0.48306583736662434,
      "mae_vol_Ux": 2.1073383085998945,
      "mae_surf_Uy": 0.28575603066792227,
      "mae_vol_Uy": 0.7796069700039833,
      "mae_surf_p": 36.99026394250352,
      "mae_vol_p": 37.06177655564272
    }
  }
}