{
  "run_ids": [
    "necjs23h",
    "pcatusyd",
    "nhj06b8t",
    "rnb24j1e",
    "8s5o27g0"
  ],
  "val_avg": {
    "avg/mae_surf_Ux": 0.44207988482456345,
    "avg/mae_surf_Uy": 0.2565342974651289,
    "avg/mae_surf_p": 34.3307089622801,
    "avg/mae_vol_Ux": 1.9300576651527208,
    "avg/mae_vol_Uy": 0.75188212264815,
    "avg/mae_vol_p": 36.84375050280685
  },
  "test_avg": {
    "avg/mae_surf_Ux": 0.4141521064012534,
    "avg/mae_surf_Uy": 0.23622815786008178,
    "avg/mae_surf_p": 29.32784097819495,
    "avg/mae_vol_Ux": 1.8265728624588105,
    "avg/mae_vol_Uy": 0.6937852439759296,
    "avg/mae_vol_p": 32.69104389630958
  },
  "val_per_split": {
    "val_single_in_dist": {
      "mae_surf_Ux": 0.3215108049357053,
      "mae_vol_Ux": 1.812582538069395,
      "mae_surf_Uy": 0.22017456126665813,
      "mae_vol_Uy": 0.6302035540590588,
      "mae_surf_p": 30.871095846178278,
      "mae_vol_p": 36.454728207983074
    },
    "val_geom_camber_rc": {
      "mae_surf_Ux": 0.673786214922966,
      "mae_vol_Ux": 2.487532276112914,
      "mae_surf_Uy": 0.3743811344822292,
      "mae_vol_Uy": 1.1243853183828518,
      "mae_surf_p": 47.45269842215905,
      "mae_vol_p": 50.452824367109045
    },
    "val_geom_camber_cruise": {
      "mae_surf_Ux": 0.27988890438119657,
      "mae_vol_Ux": 1.5177195633968104,
      "mae_surf_Uy": 0.16141955471131308,
      "mae_vol_Uy": 0.47657623835309,
      "mae_surf_p": 21.97846058012796,
      "mae_vol_p": 23.474500514406724
    },
    "val_re_rand": {
      "mae_surf_Ux": 0.49313361505838604,
      "mae_vol_Ux": 1.9023962830317636,
      "mae_surf_Uy": 0.2701619394003153,
      "mae_vol_Uy": 0.7763633797975996,
      "mae_surf_p": 37.020581000655085,
      "mae_vol_p": 36.99294892172854
    }
  },
  "test_per_split": {
    "test_single_in_dist": {
      "mae_surf_Ux": 0.35520516480058345,
      "mae_vol_Ux": 1.7207687178172157,
      "mae_surf_Uy": 0.22195520428475737,
      "mae_vol_Uy": 0.6340214302709318,
      "mae_surf_p": 29.940134958967977,
      "mae_vol_p": 36.13772698316824
    },
    "test_geom_camber_rc": {
      "mae_surf_Ux": 0.6435847967888726,
      "mae_vol_Ux": 2.400640431129216,
      "mae_surf_Uy": 0.3460287505895253,
      "mae_vol_Uy": 1.0459701569925501,
      "mae_surf_p": 41.36248488667671,
      "mae_vol_p": 45.09308642957149
    },
    "test_geom_camber_cruise": {
      "mae_surf_Ux": 0.25681100230574544,
      "mae_vol_Ux": 1.4153212332777017,
      "mae_surf_Uy": 0.14562813786574702,
      "mae_vol_Uy": 0.4310933984094253,
      "mae_surf_p": 17.44052887332555,
      "mae_vol_p": 19.228669977969407
    },
    "test_re_rand": {
      "mae_surf_Ux": 0.401007461709812,
      "mae_vol_Ux": 1.7695610676111084,
      "mae_surf_Uy": 0.23130053870029746,
      "mae_vol_Uy": 0.664055990230811,
      "mae_surf_p": 28.568215193809564,
      "mae_vol_p": 30.304692194529174
    }
  }
}