{
  "run_id": "necjs23h",
  "model_config": {
    "dropout": 0.0,
    "fourier_freq": 0,
    "fourier_scale": 5.0,
    "fun_dim": 22,
    "mlp_ratio": 2,
    "n_head": 4,
    "n_hidden": 128,
    "n_layers": 5,
    "out_dim": 3,
    "output_dims": [
      1,
      1,
      1
    ],
    "output_fields": [
      "Ux",
      "Uy",
      "p"
    ],
    "slice_num": 64,
    "space_dim": 2,
    "use_ada_temp": false,
    "use_rep_slice": false
  },
  "val_avg": {
    "avg/mae_surf_Ux": 0.5602637482919117,
    "avg/mae_surf_Uy": 0.3079020553137771,
    "avg/mae_surf_p": 39.6118356790682,
    "avg/mae_vol_Ux": 2.121759372075929,
    "avg/mae_vol_Uy": 0.8661327500423741,
    "avg/mae_vol_p": 44.838954670864155
  },
  "test_avg": {
    "avg/mae_surf_Ux": 0.5238658666702739,
    "avg/mae_surf_Uy": 0.2853875387849271,
    "avg/mae_surf_p": 34.207606318435865,
    "avg/mae_vol_Ux": 2.0002036256343083,
    "avg/mae_vol_Uy": 0.7973082096958348,
    "avg/mae_vol_p": 40.5150131301796
  },
  "val_per_split": {
    "val_single_in_dist": {
      "vol_loss": 0.09791654277592897,
      "surf_loss": 0.05687947524012998,
      "loss": 0.6667112951772287,
      "mae_surf_Ux": 0.4652660531996713,
      "mae_vol_Ux": 2.170815403011183,
      "mae_surf_Uy": 0.2776289856333405,
      "mae_vol_Uy": 0.7861882692741323,
      "mae_surf_p": 37.186459752023815,
      "mae_vol_p": 47.123242290563226
    },
    "val_geom_camber_rc": {
      "vol_loss": 0.13979277566075324,
      "surf_loss": 0.05607673190534115,
      "loss": 0.7005600947141647,
      "mae_surf_Ux": 0.8220581254183422,
      "mae_vol_Ux": 2.7450854801319062,
      "mae_surf_Uy": 0.4339060528830315,
      "mae_vol_Uy": 1.271240482409941,
      "mae_surf_p": 53.47855859343318,
      "mae_vol_p": 58.57799831557567
    },
    "val_geom_camber_cruise": {
      "vol_loss": 0.03713296500965953,
      "surf_loss": 0.013680096564348787,
      "loss": 0.17393393065314738,
      "mae_surf_Ux": 0.3476965706160745,
      "mae_vol_Ux": 1.5323148028285654,
      "mae_surf_Uy": 0.19769842486182093,
      "mae_vol_Uy": 0.5321884596473225,
      "mae_surf_p": 25.598563355872717,
      "mae_vol_p": 28.90875218252556
    },
    "val_re_rand": {
      "vol_loss": 0.11267635542899371,
      "surf_loss": 0.05611483570188284,
      "loss": 0.673824712447822,
      "mae_surf_Ux": 0.6060342439335591,
      "mae_vol_Ux": 2.0388218023320626,
      "mae_surf_Uy": 0.32237475787691566,
      "mae_vol_Uy": 0.8749137888381002,
      "mae_surf_p": 42.1837610149431,
      "mae_vol_p": 44.74582589479219
    }
  },
  "test_per_split": {
    "test_single_in_dist": {
      "vol_loss": 0.11887012163177132,
      "surf_loss": 0.07664064587792381,
      "loss": 0.8852765804110094,
      "mae_surf_Ux": 0.4734159126488431,
      "mae_vol_Ux": 2.005869925470739,
      "mae_surf_Uy": 0.27333883953611443,
      "mae_vol_Uy": 0.7746857631490128,
      "mae_surf_p": 35.10317630697471,
      "mae_vol_p": 45.38407900748449
    },
    "test_geom_camber_rc": {
      "vol_loss": 0.13494184851646424,
      "surf_loss": 0.05288689691573381,
      "loss": 0.6638108176738022,
      "mae_surf_Ux": 0.8097687235367338,
      "mae_vol_Ux": 2.7020036690310216,
      "mae_surf_Uy": 0.4123958584327661,
      "mae_vol_Uy": 1.192559244686035,
      "mae_surf_p": 48.39825474274921,
      "mae_vol_p": 55.126337838586856
    },
    "test_geom_camber_cruise": {
      "vol_loss": 0.6308258068189025,
      "surf_loss": 0.3354019483109005,
      "loss": 3.9848452899279074,
      "mae_surf_Ux": 0.314558199572141,
      "mae_vol_Ux": 1.4228820952079415,
      "mae_surf_Uy": 0.1767400974203087,
      "mae_vol_Uy": 0.47697313056090257,
      "mae_surf_p": 20.250090290873363,
      "mae_vol_p": 24.046588802891133
    },
    "test_re_rand": {
      "vol_loss": 0.06438692320138216,
      "surf_loss": 0.026124035988468675,
      "loss": 0.3256272830860689,
      "mae_surf_Ux": 0.4977206309233777,
      "mae_vol_Ux": 1.8700588128275308,
      "mae_surf_Uy": 0.27907535975051917,
      "mae_vol_Uy": 0.7450147003873888,
      "mae_surf_p": 33.078903933146194,
      "mae_vol_p": 37.503046871755906
    }
  }
}