{
  "model_dir": "models/model-1857hy2h",
  "model_config": {
    "dropout": 0.0,
    "fun_dim": 22,
    "grad_checkpoint": false,
    "mlp_ratio": 2,
    "n_head": 4,
    "n_hidden": 128,
    "n_layers": 5,
    "out_dim": 3,
    "output_dims": [
      1,
      1,
      1
    ],
    "output_fields": [
      "Ux",
      "Uy",
      "p"
    ],
    "ref": 8,
    "slice_num": 64,
    "space_dim": 2,
    "unified_pos": false
  },
  "n_params": 662359,
  "val_avg": {
    "avg/mae_surf_Ux": 0.6221828018529594,
    "avg/mae_surf_Uy": 0.33900382660951234,
    "avg/mae_surf_p": 44.488816528833006,
    "avg/mae_vol_Ux": 2.3258900298186247,
    "avg/mae_vol_Uy": 0.9611979232969712,
    "avg/mae_vol_p": 48.83419214229598
  },
  "val_per_split": {
    "val_single_in_dist": {
      "vol_loss": 0.15257413718849422,
      "surf_loss": 0.15153008065652102,
      "loss": 1.6678749437537044,
      "mae_surf_Ux": 0.5538486411472354,
      "mae_vol_Ux": 2.4052952503378617,
      "mae_surf_Uy": 0.31514111644916404,
      "mae_vol_Uy": 0.9050446396014756,
      "mae_surf_p": 46.44908204696,
      "mae_vol_p": 55.092778581021264
    },
    "val_geom_camber_rc": {
      "vol_loss": 0.16422412171959877,
      "surf_loss": 0.070411477945745,
      "loss": 0.8683389011770487,
      "mae_surf_Ux": 0.9106498937582918,
      "mae_vol_Ux": 3.0275204789910823,
      "mae_surf_Uy": 0.4735567013264945,
      "mae_vol_Uy": 1.3885088559355372,
      "mae_surf_p": 58.926703512763304,
      "mae_vol_p": 63.05802283479913
    },
    "val_geom_camber_cruise": {
      "vol_loss": 0.043404475413262845,
      "surf_loss": 0.015437897809315473,
      "loss": 0.19778345350641757,
      "mae_surf_Ux": 0.37353283359478606,
      "mae_vol_Ux": 1.6486828988881985,
      "mae_surf_Uy": 0.2205632098834722,
      "mae_vol_Uy": 0.5849305788945178,
      "mae_surf_p": 27.312273806780233,
      "mae_vol_p": 30.47652636882857
    },
    "val_re_rand": {
      "vol_loss": 0.12839563839137555,
      "surf_loss": 0.061094782147556544,
      "loss": 0.739343459866941,
      "mae_surf_Ux": 0.6506998389115239,
      "mae_vol_Ux": 2.222061491057357,
      "mae_surf_Uy": 0.34675427877891873,
      "mae_vol_Uy": 0.9663076187563543,
      "mae_surf_p": 45.267206748828464,
      "mae_vol_p": 46.70944078453496
    }
  },
  "test_avg": {
    "avg/mae_surf_Ux": 0.5874032028155234,
    "avg/mae_surf_Uy": 0.31254875291339757,
    "avg/mae_surf_p": 38.27894835418356,
    "avg/mae_vol_Ux": 2.194434376163427,
    "avg/mae_vol_Uy": 0.8893217917943134,
    "avg/mae_vol_p": 44.06948043323389
  },
  "test_per_split": {
    "test_single_in_dist": {
      "vol_loss": 0.14251253876835107,
      "surf_loss": 0.09270649638492615,
      "loss": 1.0695775026176124,
      "mae_surf_Ux": 0.5703111165736808,
      "mae_vol_Ux": 2.2533900728635365,
      "mae_surf_Uy": 0.3069237400340552,
      "mae_vol_Uy": 0.8815236124431906,
      "mae_surf_p": 40.777033855600216,
      "mae_vol_p": 51.59414595958325
    },
    "test_geom_camber_rc": {
      "vol_loss": 0.14988766819238664,
      "surf_loss": 0.056706852447241544,
      "loss": 0.716956192664802,
      "mae_surf_Ux": 0.8770444249641117,
      "mae_vol_Ux": 2.9615030379952905,
      "mae_surf_Uy": 0.4412416280861644,
      "mae_vol_Uy": 1.3125775366880614,
      "mae_surf_p": 53.271608601844825,
      "mae_vol_p": 58.97664857956329
    },
    "test_geom_camber_cruise": {
      "vol_loss": 0.033684870842844244,
      "surf_loss": 0.00930637807585299,
      "loss": 0.12674865160137413,
      "mae_surf_Ux": 0.3526671678896133,
      "mae_vol_Ux": 1.5272925324918691,
      "mae_surf_Uy": 0.19712313633810818,
      "mae_vol_Uy": 0.5253057773891899,
      "mae_surf_p": 22.05801612149131,
      "mae_vol_p": 25.36626754073844
    },
    "test_re_rand": {
      "vol_loss": 0.07676087152212858,
      "surf_loss": 0.032239505839534104,
      "loss": 0.3991559299174696,
      "mae_surf_Ux": 0.5495901018346875,
      "mae_vol_Ux": 2.035551861303012,
      "mae_surf_Uy": 0.3049065071952624,
      "mae_vol_Uy": 0.8378802406568117,
      "mae_surf_p": 37.009134837797895,
      "mae_vol_p": 40.34085965305057
    }
  }
}