{
  "run_id": "rnb24j1e",
  "model_config": {
    "dropout": 0.0,
    "fourier_freq": 0,
    "fourier_scale": 5.0,
    "fun_dim": 22,
    "mlp_ratio": 4,
    "n_head": 8,
    "n_hidden": 256,
    "n_layers": 8,
    "out_dim": 3,
    "output_dims": [
      1,
      1,
      1
    ],
    "output_fields": [
      "Ux",
      "Uy",
      "p"
    ],
    "slice_num": 64,
    "space_dim": 2,
    "use_ada_temp": false,
    "use_rep_slice": false
  },
  "val_avg": {
    "avg/mae_surf_Ux": 0.5492276462200816,
    "avg/mae_surf_Uy": 0.29234185001544555,
    "avg/mae_surf_p": 40.5881620968105,
    "avg/mae_vol_Ux": 2.33841206323365,
    "avg/mae_vol_Uy": 0.8286443848177749,
    "avg/mae_vol_p": 41.243663510352334
  },
  "test_avg": {
    "avg/mae_surf_Ux": 0.5220738990508722,
    "avg/mae_surf_Uy": 0.2736137605899867,
    "avg/mae_surf_p": 35.63583526166374,
    "avg/mae_vol_Ux": 2.258296153211908,
    "avg/mae_vol_Uy": 0.7752820583864071,
    "avg/mae_vol_p": 37.520378519760754
  },
  "val_per_split": {
    "val_single_in_dist": {
      "vol_loss": 0.08438466005492956,
      "surf_loss": 0.07245075937651563,
      "loss": 0.8088922538200858,
      "mae_surf_Ux": 0.40575496184171106,
      "mae_vol_Ux": 1.8880840098627436,
      "mae_surf_Uy": 0.25335741782942384,
      "mae_vol_Uy": 0.6461128298834927,
      "mae_surf_p": 37.73935103079599,
      "mae_vol_p": 40.13862912584519
    },
    "val_geom_camber_rc": {
      "vol_loss": 0.1475795416533947,
      "surf_loss": 0.061196777671575546,
      "loss": 0.7595473183691501,
      "mae_surf_Ux": 0.786165229576162,
      "mae_vol_Ux": 2.6806334256271334,
      "mae_surf_Uy": 0.4124460376246107,
      "mae_vol_Uy": 1.205492327285191,
      "mae_surf_p": 51.56755560124941,
      "mae_vol_p": 54.07567560532597
    },
    "val_geom_camber_cruise": {
      "vol_loss": 0.06738750665914267,
      "surf_loss": 0.016360900569125078,
      "loss": 0.23099651235039345,
      "mae_surf_Ux": 0.39568199259641107,
      "mae_vol_Ux": 2.3664020049796566,
      "mae_surf_Uy": 0.19970763275428216,
      "mae_vol_Uy": 0.5988812327081355,
      "mae_surf_p": 30.142362817436588,
      "mae_vol_p": 29.03313434489931
    },
    "val_re_rand": {
      "vol_loss": 0.13688285628333688,
      "surf_loss": 0.07373663546750323,
      "loss": 0.874249210958369,
      "mae_surf_Ux": 0.6093084008660424,
      "mae_vol_Ux": 2.4185288124650657,
      "mae_surf_Uy": 0.3038563118534654,
      "mae_vol_Uy": 0.8640911493942806,
      "mae_surf_p": 42.90337893776,
      "mae_vol_p": 41.727214965338874
    }
  },
  "test_per_split": {
    "test_single_in_dist": {
      "vol_loss": 0.10336654902610462,
      "surf_loss": 0.0804790085334389,
      "loss": 0.9081566343604937,
      "mae_surf_Ux": 0.4432169242696394,
      "mae_vol_Ux": 1.799496420768197,
      "mae_surf_Uy": 0.25756026987193853,
      "mae_vol_Uy": 0.6496623929853219,
      "mae_surf_p": 35.43940242295835,
      "mae_vol_p": 39.38125628646194
    },
    "test_geom_camber_rc": {
      "vol_loss": 0.12690848229452967,
      "surf_loss": 0.050958946630125866,
      "loss": 0.6364979485957883,
      "mae_surf_Ux": 0.756630239979945,
      "mae_vol_Ux": 2.606348232282057,
      "mae_surf_Uy": 0.3860671362682612,
      "mae_vol_Uy": 1.140252135160947,
      "mae_surf_p": 47.15585659188348,
      "mae_vol_p": 50.634927469760726
    },
    "test_geom_camber_cruise": {
      "vol_loss": 0.6626732410374098,
      "surf_loss": 0.3348101781860169,
      "loss": 4.010775022897579,
      "mae_surf_Ux": 0.37179510305362784,
      "mae_vol_Ux": 2.2261499322284375,
      "mae_surf_Uy": 0.18063706499648008,
      "mae_vol_Uy": 0.5477756166536268,
      "mae_surf_p": 24.425286325782235,
      "mae_vol_p": 24.116064953519494
    },
    "test_re_rand": {
      "vol_loss": 0.0833624323492404,
      "surf_loss": 0.03054749705683207,
      "loss": 0.3888374029175611,
      "mae_surf_Ux": 0.5166533289002766,
      "mae_vol_Ux": 2.40119002756894,
      "mae_surf_Uy": 0.270190571223267,
      "mae_vol_Uy": 0.7634380887457324,
      "mae_surf_p": 35.52279570603092,
      "mae_vol_p": 35.94926536930087
    }
  }
}