{
  "model_dir": "models/model-z5w4k79f",
  "model_config": {
    "dropout": 0.0,
    "fun_dim": 22,
    "grad_checkpoint": false,
    "mlp_ratio": 2,
    "n_head": 4,
    "n_hidden": 128,
    "n_layers": 5,
    "out_dim": 3,
    "output_dims": [
      1,
      1,
      1
    ],
    "output_fields": [
      "Ux",
      "Uy",
      "p"
    ],
    "ref": 8,
    "slice_num": 64,
    "space_dim": 2,
    "unified_pos": false
  },
  "n_params": 662359,
  "val_avg": {
    "avg/mae_surf_Ux": 0.9018467043251859,
    "avg/mae_surf_Uy": 0.444704817703117,
    "avg/mae_surf_p": 58.99382931710841,
    "avg/mae_vol_Ux": 2.7236170126223698,
    "avg/mae_vol_Uy": 1.1273491667617237,
    "avg/mae_vol_p": 60.22308082383928
  },
  "val_per_split": {
    "val_single_in_dist": {
      "vol_loss": 0.19106876507401466,
      "surf_loss": 0.1862853326741606,
      "loss": 2.0539220918156205,
      "mae_surf_Ux": 0.7960081422552252,
      "mae_vol_Ux": 2.774533853064236,
      "mae_surf_Uy": 0.4170547652826675,
      "mae_vol_Uy": 1.0622991012537544,
      "mae_surf_p": 65.76758040551094,
      "mae_vol_p": 70.64713997466741
    },
    "val_geom_camber_rc": {
      "vol_loss": 0.21504431933164597,
      "surf_loss": 0.09638523913919926,
      "loss": 1.1788967107236386,
      "mae_surf_Ux": 1.3833879700351772,
      "mae_vol_Ux": 3.5993428901732285,
      "mae_surf_Uy": 0.5941795218888655,
      "mae_vol_Uy": 1.6237381206586095,
      "mae_surf_p": 71.63305735634457,
      "mae_vol_p": 73.49860096952806
    },
    "val_geom_camber_cruise": {
      "vol_loss": 0.05848195549100638,
      "surf_loss": 0.025782202878035607,
      "loss": 0.31630398427136247,
      "mae_surf_Ux": 0.5124622601376659,
      "mae_vol_Ux": 1.917007705893897,
      "mae_surf_Uy": 0.31379511075896993,
      "mae_vol_Uy": 0.6985252267964686,
      "mae_surf_p": 41.05599650464527,
      "mae_vol_p": 39.625878826253256
    },
    "val_re_rand": {
      "vol_loss": 0.16075320973992346,
      "surf_loss": 0.07987864160910249,
      "loss": 0.9595396258309484,
      "mae_surf_Ux": 0.9155284448726753,
      "mae_vol_Ux": 2.603583601358117,
      "mae_surf_Uy": 0.453789872881965,
      "mae_vol_Uy": 1.124834218338062,
      "mae_surf_p": 57.51868300193284,
      "mae_vol_p": 57.12070352490842
    }
  },
  "test_avg": {
    "avg/mae_surf_Ux": 0.8553750369507711,
    "avg/mae_surf_Uy": 0.41715861398108356,
    "avg/mae_surf_p": 51.43481175699644,
    "avg/mae_vol_Ux": 2.5481200484338453,
    "avg/mae_vol_Uy": 1.052667878258673,
    "avg/mae_vol_p": 54.60845300034137
  },
  "test_per_split": {
    "test_single_in_dist": {
      "vol_loss": 0.18109811667352915,
      "surf_loss": 0.13051308886148036,
      "loss": 1.4862290052883327,
      "mae_surf_Ux": 0.7956134736157559,
      "mae_vol_Ux": 2.549258757118109,
      "mae_surf_Uy": 0.401173617256357,
      "mae_vol_Uy": 1.0109037094496054,
      "mae_surf_p": 55.163689239592735,
      "mae_vol_p": 64.29672861277538
    },
    "test_geom_camber_rc": {
      "vol_loss": 0.18995896108448507,
      "surf_loss": 0.08212155237793922,
      "loss": 1.0111744848638773,
      "mae_surf_Ux": 1.3418016532381618,
      "mae_vol_Ux": 3.460953525817585,
      "mae_surf_Uy": 0.5621635968535755,
      "mae_vol_Uy": 1.5488140366607994,
      "mae_surf_p": 65.13384024270941,
      "mae_vol_p": 68.6669397416211
    },
    "test_geom_camber_cruise": {
      "vol_loss": 0.047915306901559235,
      "surf_loss": 0.01730137187987566,
      "loss": 0.22092902570031583,
      "mae_surf_Ux": 0.47412870277112645,
      "mae_vol_Ux": 1.788536785902082,
      "mae_surf_Uy": 0.2820656746594724,
      "mae_vol_Uy": 0.6384581312815371,
      "mae_surf_p": 34.21370998940813,
      "mae_vol_p": 34.32213093421483
    },
    "test_re_rand": {
      "vol_loss": 0.10576624859124423,
      "surf_loss": 0.048771415315568445,
      "loss": 0.5934804017469286,
      "mae_surf_Ux": 0.8099563181780403,
      "mae_vol_Ux": 2.3937311248976068,
      "mae_surf_Uy": 0.42323156715492904,
      "mae_vol_Uy": 1.0124956356427497,
      "mae_surf_p": 51.2280075562755,
      "mae_vol_p": 51.14801271275416
    }
  }
}