{
  "model_dirs": [
    "models/model-kmzi8u63",
    "models/model-2uwed6m8",
    "models/model-qurgdnbf"
  ],
  "configs": [
    {
      "dropout": 0.0,
      "fun_dim": 22,
      "grad_checkpoint": false,
      "mlp_ratio": 2,
      "n_head": 4,
      "n_hidden": 128,
      "n_layers": 5,
      "out_dim": 3,
      "output_dims": [
        1,
        1,
        1
      ],
      "output_fields": [
        "Ux",
        "Uy",
        "p"
      ],
      "ref": 8,
      "slice_num": 64,
      "space_dim": 2,
      "unified_pos": false
    },
    {
      "dropout": 0.0,
      "fun_dim": 22,
      "grad_checkpoint": false,
      "mlp_ratio": 2,
      "n_head": 4,
      "n_hidden": 128,
      "n_layers": 5,
      "out_dim": 3,
      "output_dims": [
        1,
        1,
        1
      ],
      "output_fields": [
        "Ux",
        "Uy",
        "p"
      ],
      "ref": 8,
      "slice_num": 64,
      "space_dim": 2,
      "unified_pos": false
    },
    {
      "dropout": 0.0,
      "fun_dim": 22,
      "grad_checkpoint": false,
      "mlp_ratio": 2,
      "n_head": 4,
      "n_hidden": 128,
      "n_layers": 5,
      "out_dim": 3,
      "output_dims": [
        1,
        1,
        1
      ],
      "output_fields": [
        "Ux",
        "Uy",
        "p"
      ],
      "ref": 8,
      "slice_num": 64,
      "space_dim": 2,
      "unified_pos": false
    }
  ],
  "val_avg": {
    "avg/mae_surf_Ux": 0.5564703021160669,
    "avg/mae_surf_Uy": 0.30378291882466457,
    "avg/mae_surf_p": 39.69211020987046,
    "avg/mae_vol_Ux": 2.0741322387448737,
    "avg/mae_vol_Uy": 0.8336205058697959,
    "avg/mae_vol_p": 42.50477757703519
  },
  "val_per_split": {
    "val_single_in_dist": {
      "mae_surf_Ux": 0.44524798127659637,
      "mae_vol_Ux": 2.062681314744351,
      "mae_surf_Uy": 0.2741600737398237,
      "mae_vol_Uy": 0.7462304308731715,
      "mae_surf_p": 38.7948191710378,
      "mae_vol_p": 45.356942699989396
    },
    "val_geom_camber_rc": {
      "mae_surf_Ux": 0.8424302167771364,
      "mae_vol_Ux": 2.778916153302378,
      "mae_surf_Uy": 0.4344228554405321,
      "mae_vol_Uy": 1.2596940508994396,
      "mae_surf_p": 54.625835557309976,
      "mae_vol_p": 57.498951858716005
    },
    "val_geom_camber_cruise": {
      "mae_surf_Ux": 0.32709708608491767,
      "mae_vol_Ux": 1.4440728977211452,
      "mae_surf_Uy": 0.19365594776927067,
      "mae_vol_Uy": 0.4866299433014365,
      "mae_surf_p": 23.458451535496934,
      "mae_vol_p": 25.16186274056453
    },
    "val_re_rand": {
      "mae_surf_Ux": 0.6111059243256173,
      "mae_vol_Ux": 2.010858589211621,
      "mae_surf_Uy": 0.31289279834903183,
      "mae_vol_Uy": 0.8419275984051355,
      "mae_surf_p": 41.8893345756371,
      "mae_vol_p": 42.00135300887083
    }
  },
  "test_avg": {
    "avg/mae_surf_Ux": 0.5114644819622978,
    "avg/mae_surf_Uy": 0.28090603867672925,
    "avg/mae_surf_p": 34.02207937884042,
    "avg/mae_vol_Ux": 1.9411685420540032,
    "avg/mae_vol_Uy": 0.7644932157901008,
    "avg/mae_vol_p": 37.59970984515649
  },
  "test_per_split": {
    "test_single_in_dist": {
      "mae_surf_Ux": 0.46954614437749737,
      "mae_vol_Ux": 1.9606015914917991,
      "mae_surf_Uy": 0.2734648119792846,
      "mae_vol_Uy": 0.7328041609947835,
      "mae_surf_p": 35.859355922210895,
      "mae_vol_p": 42.580894611512676
    },
    "test_geom_camber_rc": {
      "mae_surf_Ux": 0.7969184273656155,
      "mae_vol_Ux": 2.6675588088743756,
      "mae_surf_Uy": 0.40711218193581794,
      "mae_vol_Uy": 1.1774645807430508,
      "mae_surf_p": 48.62100857955758,
      "mae_vol_p": 52.561395236736786
    },
    "test_geom_camber_cruise": {
      "mae_surf_Ux": 0.29739056535406283,
      "mae_vol_Ux": 1.3455730086366136,
      "mae_surf_Uy": 0.17220770754760098,
      "mae_vol_Uy": 0.43598001038703427,
      "mae_surf_p": 19.18144314623481,
      "mae_vol_p": 21.241110895789543
    },
    "test_re_rand": {
      "mae_surf_Ux": 0.4820027907520156,
      "mae_vol_Ux": 1.790940759213225,
      "mae_surf_Uy": 0.2708394532442136,
      "mae_vol_Uy": 0.7117241110355346,
      "mae_surf_p": 32.426509867358384,
      "mae_vol_p": 34.01543863658695
    }
  }
}