{
  "model_dir": "models/model-kmzi8u63",
  "model_config": {
    "dropout": 0.0,
    "fun_dim": 22,
    "grad_checkpoint": false,
    "mlp_ratio": 2,
    "n_head": 4,
    "n_hidden": 128,
    "n_layers": 5,
    "out_dim": 3,
    "output_dims": [
      1,
      1,
      1
    ],
    "output_fields": [
      "Ux",
      "Uy",
      "p"
    ],
    "ref": 8,
    "slice_num": 64,
    "space_dim": 2,
    "unified_pos": false
  },
  "n_params": 662359,
  "val_avg": {
    "avg/mae_surf_Ux": 0.6198311528513851,
    "avg/mae_surf_Uy": 0.33311829329494796,
    "avg/mae_surf_p": 42.526802689089344,
    "avg/mae_vol_Ux": 2.105761212563645,
    "avg/mae_vol_Uy": 0.8580252923369954,
    "avg/mae_vol_p": 44.836687555184994
  },
  "val_per_split": {
    "val_single_in_dist": {
      "vol_loss": 0.10425620388239622,
      "surf_loss": 0.0895879716752097,
      "loss": 1.0001359206344933,
      "mae_surf_Ux": 0.5142643229582128,
      "mae_vol_Ux": 2.0823495697668823,
      "mae_surf_Uy": 0.3031991072360315,
      "mae_vol_Uy": 0.7607342059868456,
      "mae_surf_p": 42.68808012591704,
      "mae_vol_p": 47.169328704723966
    },
    "val_geom_camber_rc": {
      "vol_loss": 0.15734315097332,
      "surf_loss": 0.0674021933786571,
      "loss": 0.831365084759891,
      "mae_surf_Ux": 0.9271119562044143,
      "mae_vol_Ux": 2.82981291139326,
      "mae_surf_Uy": 0.4709499814354772,
      "mae_vol_Uy": 1.297600083273159,
      "mae_surf_p": 57.25350390761015,
      "mae_vol_p": 60.40974419598485
    },
    "val_geom_camber_cruise": {
      "vol_loss": 0.03555179674178362,
      "surf_loss": 0.01284529961179942,
      "loss": 0.16400479285977781,
      "mae_surf_Ux": 0.37035972398920475,
      "mae_vol_Ux": 1.479732642454791,
      "mae_surf_Uy": 0.21688279010526093,
      "mae_vol_Uy": 0.5087802100909586,
      "mae_surf_p": 25.71100968625673,
      "mae_vol_p": 27.405558027734433
    },
    "val_re_rand": {
      "vol_loss": 0.12305496755987405,
      "surf_loss": 0.06717277667485178,
      "loss": 0.7947827343083917,
      "mae_surf_Ux": 0.6675886082537088,
      "mae_vol_Ux": 2.0311497266396477,
      "mae_surf_Uy": 0.3414412944030222,
      "mae_vol_Uy": 0.8649866699970183,
      "mae_surf_p": 44.454617036573445,
      "mae_vol_p": 44.36211929229675
    }
  },
  "test_avg": {
    "avg/mae_surf_Ux": 0.5700588954286318,
    "avg/mae_surf_Uy": 0.3103347124668254,
    "avg/mae_surf_p": 36.49909460070867,
    "avg/mae_vol_Ux": 1.9538557741236406,
    "avg/mae_vol_Uy": 0.7823227343471596,
    "avg/mae_vol_p": 39.79809752623353
  },
  "test_per_split": {
    "test_single_in_dist": {
      "vol_loss": 0.11561341553926469,
      "surf_loss": 0.08534652231493965,
      "loss": 0.9690786386886612,
      "mae_surf_Ux": 0.5252010835395878,
      "mae_vol_Ux": 1.9539541797408486,
      "mae_surf_Uy": 0.3069121744443695,
      "mae_vol_Uy": 0.7429785157380028,
      "mae_surf_p": 37.64268965166275,
      "mae_vol_p": 44.190534099797404
    },
    "test_geom_camber_rc": {
      "vol_loss": 0.13251120530068874,
      "surf_loss": 0.0551831834204495,
      "loss": 0.6843430395051837,
      "mae_surf_Ux": 0.8633860723631653,
      "mae_vol_Ux": 2.665690367262259,
      "mae_surf_Uy": 0.4391833809896426,
      "mae_vol_Uy": 1.1891282755571146,
      "mae_surf_p": 51.137155645509395,
      "mae_vol_p": 54.79406070842786
    },
    "test_geom_camber_cruise": {
      "vol_loss": 0.02846623696386814,
      "surf_loss": 0.009095165085745975,
      "loss": 0.1194178878213279,
      "mae_surf_Ux": 0.3411743462535028,
      "mae_vol_Ux": 1.3699251793333878,
      "mae_surf_Uy": 0.19494055568876495,
      "mae_vol_Uy": 0.46227060521540747,
      "mae_surf_p": 21.561954344767795,
      "mae_vol_p": 23.2394776805534
    },
    "test_re_rand": {
      "vol_loss": 0.06680682072415949,
      "surf_loss": 0.03182955697178841,
      "loss": 0.3851023904420436,
      "mae_surf_Ux": 0.550474079558271,
      "mae_vol_Ux": 1.8258533701580673,
      "mae_surf_Uy": 0.30030273874452473,
      "mae_vol_Uy": 0.7349135408781137,
      "mae_surf_p": 35.65457876089476,
      "mae_vol_p": 36.96831761615547
    }
  }
}