{
  "run_id": "l51ca4x5",
  "model_config": {
    "dropout": 0.0,
    "fourier_freq": 0,
    "fourier_scale": 5.0,
    "fun_dim": 22,
    "mlp_ratio": 2,
    "n_head": 4,
    "n_hidden": 128,
    "n_layers": 5,
    "out_dim": 3,
    "output_dims": [
      1,
      1,
      1
    ],
    "output_fields": [
      "Ux",
      "Uy",
      "p"
    ],
    "slice_num": 64,
    "space_dim": 2,
    "use_ada_temp": false,
    "use_rep_slice": false
  },
  "val_avg": {
    "avg/mae_surf_Ux": 0.7487349994868588,
    "avg/mae_surf_Uy": 0.3951625100260783,
    "avg/mae_surf_p": 51.04922568827948,
    "avg/mae_vol_Ux": 2.6454864006259684,
    "avg/mae_vol_Uy": 1.1214971705552021,
    "avg/mae_vol_p": 56.87464248432672
  },
  "test_avg": {
    "avg/mae_surf_Ux": 0.7011764542574018,
    "avg/mae_surf_Uy": 0.3663016664027929,
    "avg/mae_surf_p": 44.18797727557077,
    "avg/mae_vol_Ux": 2.4842913760058023,
    "avg/mae_vol_Uy": 1.0369061053179256,
    "avg/mae_vol_p": 51.317354304773616
  },
  "val_per_split": {
    "val_single_in_dist": {
      "vol_loss": 0.1521444822475314,
      "surf_loss": 0.10134798208251596,
      "loss": 1.1656243030726912,
      "mae_surf_Ux": 0.6490946334452059,
      "mae_vol_Ux": 2.7285556531130317,
      "mae_surf_Uy": 0.3764925034827446,
      "mae_vol_Uy": 1.0757921277361233,
      "mae_surf_p": 52.0408608115639,
      "mae_vol_p": 65.08579533208339
    },
    "val_geom_camber_rc": {
      "vol_loss": 0.208770122975111,
      "surf_loss": 0.08124320805072785,
      "loss": 1.0212022034823893,
      "mae_surf_Ux": 1.1003123813086837,
      "mae_vol_Ux": 3.365793391984518,
      "mae_surf_Uy": 0.5354315364665121,
      "mae_vol_Uy": 1.6044627739637547,
      "mae_surf_p": 65.69583784170337,
      "mae_vol_p": 72.00930823021757
    },
    "val_geom_camber_cruise": {
      "vol_loss": 0.056534034013748166,
      "surf_loss": 0.019137152379844338,
      "loss": 0.24790555781219153,
      "mae_surf_Ux": 0.43924480998828336,
      "mae_vol_Ux": 1.9472475298774388,
      "mae_surf_Uy": 0.265075788454357,
      "mae_vol_Uy": 0.7053545532974388,
      "mae_surf_p": 32.882586066932,
      "mae_vol_p": 35.84724891759527
    },
    "val_re_rand": {
      "vol_loss": 0.15735121950507164,
      "surf_loss": 0.07468874883837998,
      "loss": 0.9042387078888714,
      "mae_surf_Ux": 0.8062881732052625,
      "mae_vol_Ux": 2.540349027528885,
      "mae_surf_Uy": 0.4036502117006994,
      "mae_vol_Uy": 1.1003792272234916,
      "mae_surf_p": 53.577618032918664,
      "mae_vol_p": 54.556217457410675
    }
  },
  "test_per_split": {
    "test_single_in_dist": {
      "vol_loss": 0.1642679012939334,
      "surf_loss": 0.10503413533093407,
      "loss": 1.214609254603274,
      "mae_surf_Ux": 0.6532029447040939,
      "mae_vol_Ux": 2.502234312225507,
      "mae_surf_Uy": 0.36147282465606606,
      "mae_vol_Uy": 1.0248011052252919,
      "mae_surf_p": 46.7968373991,
      "mae_vol_p": 60.68852814660464
    },
    "test_geom_camber_rc": {
      "vol_loss": 0.17694038957357405,
      "surf_loss": 0.06415032243356109,
      "loss": 0.818443613909185,
      "mae_surf_Ux": 1.0654519234107696,
      "mae_vol_Ux": 3.242027007524665,
      "mae_surf_Uy": 0.5040666551664091,
      "mae_vol_Uy": 1.5063986724891745,
      "mae_surf_p": 57.958150921909535,
      "mae_vol_p": 65.8528929276667
    },
    "test_geom_camber_cruise": {
      "vol_loss": 0.6478718427382409,
      "surf_loss": 0.3410028779541608,
      "loss": 4.057900622279849,
      "mae_surf_Ux": 0.4069030740462348,
      "mae_vol_Ux": 1.815559534894279,
      "mae_surf_Uy": 0.23133202427843083,
      "mae_vol_Uy": 0.6328767841002082,
      "mae_surf_p": 28.067148938838752,
      "mae_vol_p": 31.500904606422186
    },
    "test_re_rand": {
      "vol_loss": 0.0978146867826581,
      "surf_loss": 0.037698384327813986,
      "loss": 0.4747985300607979,
      "mae_surf_Ux": 0.6791478748685092,
      "mae_vol_Ux": 2.3773446493787582,
      "mae_surf_Uy": 0.36833516151026546,
      "mae_vol_Uy": 0.983547859457028,
      "mae_surf_p": 43.9297718424348,
      "mae_vol_p": 47.227091538400934
    }
  }
}