{
  "model_dir": "models/model-u0mowa49",
  "model_config": {
    "dropout": 0.0,
    "fun_dim": 22,
    "grad_checkpoint": false,
    "mlp_ratio": 2,
    "n_head": 8,
    "n_hidden": 192,
    "n_layers": 6,
    "out_dim": 3,
    "output_dims": [
      1,
      1,
      1
    ],
    "output_fields": [
      "Ux",
      "Uy",
      "p"
    ],
    "ref": 8,
    "slice_num": 32,
    "space_dim": 2,
    "unified_pos": false
  },
  "n_params": 1696755,
  "val_avg": {
    "avg/mae_surf_Ux": 0.7329053418940148,
    "avg/mae_surf_Uy": 0.3838634906438486,
    "avg/mae_surf_p": 51.09347220876673,
    "avg/mae_vol_Ux": 2.6386219884884397,
    "avg/mae_vol_Uy": 1.090179335384442,
    "avg/mae_vol_p": 56.21977857956989
  },
  "val_per_split": {
    "val_single_in_dist": {
      "vol_loss": 0.17554799914360047,
      "surf_loss": 0.15053798344917596,
      "loss": 1.6809278336353601,
      "mae_surf_Ux": 0.669093569421389,
      "mae_vol_Ux": 2.763718527339258,
      "mae_surf_Uy": 0.3682205922724269,
      "mae_vol_Uy": 1.0779975859807163,
      "mae_surf_p": 55.19908042009919,
      "mae_vol_p": 66.23294138270904
    },
    "val_geom_camber_rc": {
      "vol_loss": 0.19737764656543733,
      "surf_loss": 0.07872071653604508,
      "loss": 0.9845848119258881,
      "mae_surf_Ux": 1.0552479142198177,
      "mae_vol_Ux": 3.386564302437354,
      "mae_surf_Uy": 0.5220673258938622,
      "mae_vol_Uy": 1.5483307535226656,
      "mae_surf_p": 65.19146013016794,
      "mae_vol_p": 70.55088288182388
    },
    "val_geom_camber_cruise": {
      "vol_loss": 0.05570237126201391,
      "surf_loss": 0.0204312987648882,
      "loss": 0.2600153589108959,
      "mae_surf_Ux": 0.4465461475577455,
      "mae_vol_Ux": 1.9080159381842483,
      "mae_surf_Uy": 0.25283530696009077,
      "mae_vol_Uy": 0.664657441699766,
      "mae_surf_p": 32.94742248024594,
      "mae_vol_p": 35.40594538012251
    },
    "val_re_rand": {
      "vol_loss": 0.14340842373669146,
      "surf_loss": 0.06668422303162515,
      "loss": 0.8102506540529429,
      "mae_surf_Ux": 0.7607337363771071,
      "mae_vol_Ux": 2.496189185992899,
      "mae_surf_Uy": 0.3923307374490145,
      "mae_vol_Uy": 1.0697315603346196,
      "mae_surf_p": 51.035925804553834,
      "mae_vol_p": 52.6893446736241
    }
  },
  "test_avg": {
    "avg/mae_surf_Ux": 0.6833898850832896,
    "avg/mae_surf_Uy": 0.3522551825979876,
    "avg/mae_surf_p": 44.37888857729843,
    "avg/mae_vol_Ux": 2.472676990601191,
    "avg/mae_vol_Uy": 1.0106902019728092,
    "avg/mae_vol_p": 50.090403830357445
  },
  "test_per_split": {
    "test_single_in_dist": {
      "vol_loss": 0.17588495690375566,
      "surf_loss": 0.10735078172758222,
      "loss": 1.249392774179578,
      "mae_surf_Ux": 0.6420265496677209,
      "mae_vol_Ux": 2.5655897912394123,
      "mae_surf_Uy": 0.34198698151363105,
      "mae_vol_Uy": 1.0229743277731551,
      "mae_surf_p": 49.56616067525118,
      "mae_vol_p": 61.52544318312518
    },
    "test_geom_camber_rc": {
      "vol_loss": 0.16890937343239784,
      "surf_loss": 0.06259433867409825,
      "loss": 0.7948527601733804,
      "mae_surf_Ux": 1.0231436900352953,
      "mae_vol_Ux": 3.2772259622300974,
      "mae_surf_Uy": 0.48877998061602607,
      "mae_vol_Uy": 1.4786337678317583,
      "mae_surf_p": 57.62452513003129,
      "mae_vol_p": 63.64246292961949
    },
    "test_geom_camber_cruise": {
      "vol_loss": 0.04361724534071982,
      "surf_loss": 0.012853200875688343,
      "loss": 0.17214925409760323,
      "mae_surf_Ux": 0.4220927848154902,
      "mae_vol_Ux": 1.7420843130646073,
      "mae_surf_Uy": 0.22888302909158056,
      "mae_vol_Uy": 0.5980298781014196,
      "mae_surf_p": 27.050004928393598,
      "mae_vol_p": 29.686442202503464
    },
    "test_re_rand": {
      "vol_loss": 0.09125237584114075,
      "surf_loss": 0.03764170265756547,
      "loss": 0.4676694024167955,
      "mae_surf_Ux": 0.6462965158146518,
      "mae_vol_Ux": 2.3058078958706467,
      "mae_surf_Uy": 0.3493707391707125,
      "mae_vol_Uy": 0.9431228341849044,
      "mae_surf_p": 43.27486357551765,
      "mae_vol_p": 45.50726700618166
    }
  }
}