{
  "model_dir": "models/model-r2rr1wxl",
  "model_config": {
    "dropout": 0.0,
    "fun_dim": 22,
    "grad_checkpoint": false,
    "mlp_ratio": 2,
    "n_head": 4,
    "n_hidden": 128,
    "n_layers": 5,
    "out_dim": 3,
    "output_dims": [
      1,
      1,
      1
    ],
    "output_fields": [
      "Ux",
      "Uy",
      "p"
    ],
    "ref": 8,
    "slice_num": 64,
    "space_dim": 2,
    "unified_pos": false
  },
  "n_params": 662359,
  "val_avg": {
    "avg/mae_surf_Ux": 0.8520078039455625,
    "avg/mae_surf_Uy": 0.4162825762385244,
    "avg/mae_surf_p": 55.196786952208136,
    "avg/mae_vol_Ux": 2.848097652650492,
    "avg/mae_vol_Uy": 1.186829269262181,
    "avg/mae_vol_p": 61.51323680584444
  },
  "val_per_split": {
    "val_single_in_dist": {
      "vol_loss": 0.1842242793738842,
      "surf_loss": 0.14766857438720762,
      "loss": 1.6609100232459604,
      "mae_surf_Ux": 0.7528040905033794,
      "mae_vol_Ux": 2.975298953767709,
      "mae_surf_Uy": 0.3986484604164578,
      "mae_vol_Uy": 1.1602516081532683,
      "mae_surf_p": 59.52139969361855,
      "mae_vol_p": 72.81135356806787
    },
    "val_geom_camber_rc": {
      "vol_loss": 0.2227400729060173,
      "surf_loss": 0.08433571603149176,
      "loss": 1.0660972332209349,
      "mae_surf_Ux": 1.2341599819211413,
      "mae_vol_Ux": 3.7205513576904465,
      "mae_surf_Uy": 0.5610233613083098,
      "mae_vol_Uy": 1.6886019980871139,
      "mae_surf_p": 68.24076716613747,
      "mae_vol_p": 75.35747397566035
    },
    "val_geom_camber_cruise": {
      "vol_loss": 0.061548783369362356,
      "surf_loss": 0.023448414851445706,
      "loss": 0.2960329318838194,
      "mae_surf_Ux": 0.5274554733878191,
      "mae_vol_Ux": 2.0086428795286504,
      "mae_surf_Uy": 0.28268932399136965,
      "mae_vol_Uy": 0.7319368605896653,
      "mae_surf_p": 36.92088225246765,
      "mae_vol_p": 39.61222028804859
    },
    "val_re_rand": {
      "vol_loss": 0.1755155958980322,
      "surf_loss": 0.08272327514365316,
      "loss": 1.0027483473345637,
      "mae_surf_Ux": 0.8936116699699108,
      "mae_vol_Ux": 2.687897419615161,
      "mae_surf_Uy": 0.4227691592379604,
      "mae_vol_Uy": 1.1665266102186758,
      "mae_surf_p": 56.10409869660887,
      "mae_vol_p": 58.27189939160093
    }
  },
  "test_avg": {
    "avg/mae_surf_Ux": 0.7944381040755949,
    "avg/mae_surf_Uy": 0.38849960467645794,
    "avg/mae_surf_p": 48.081985703386344,
    "avg/mae_vol_Ux": 2.6606530528970493,
    "avg/mae_vol_Uy": 1.0951854475320564,
    "avg/mae_vol_p": 55.36259136194347
  },
  "test_per_split": {
    "test_single_in_dist": {
      "vol_loss": 0.20283370692282915,
      "surf_loss": 0.1302827774384059,
      "loss": 1.5056614813068883,
      "mae_surf_Ux": 0.7418106772691123,
      "mae_vol_Ux": 2.753848308160284,
      "mae_surf_Uy": 0.3790653325993576,
      "mae_vol_Uy": 1.1003387242813831,
      "mae_surf_p": 53.91771631252909,
      "mae_vol_p": 67.4287951875216
    },
    "test_geom_camber_rc": {
      "vol_loss": 0.19355624198913574,
      "surf_loss": 0.07245611563324929,
      "loss": 0.9181173983216286,
      "mae_surf_Ux": 1.2194803017516538,
      "mae_vol_Ux": 3.5695960966174423,
      "mae_surf_Uy": 0.5394925690808253,
      "mae_vol_Uy": 1.5945515282270537,
      "mae_surf_p": 61.6693446295408,
      "mae_vol_p": 69.8413365968106
    },
    "test_geom_camber_cruise": {
      "vol_loss": 0.04919703859835863,
      "surf_loss": 0.014917501982999966,
      "loss": 0.19837205842835828,
      "mae_surf_Ux": 0.45658498591090413,
      "mae_vol_Ux": 1.8456143668466156,
      "mae_surf_Uy": 0.25286306231743144,
      "mae_vol_Uy": 0.6535266037299405,
      "mae_surf_p": 30.3616715188158,
      "mae_vol_p": 34.06240504998227
    },
    "test_re_rand": {
      "vol_loss": 0.10552788961678744,
      "surf_loss": 0.043169282642193135,
      "loss": 0.5372207160387188,
      "mae_surf_Ux": 0.7598764513707096,
      "mae_vol_Ux": 2.4735534399638546,
      "mae_surf_Uy": 0.38257745470821747,
      "mae_vol_Uy": 1.032324933889848,
      "mae_surf_p": 46.37921035265969,
      "mae_vol_p": 50.11782861345944
    }
  }
}