{
  "model_dir": "models/model-qurgdnbf",
  "model_config": {
    "dropout": 0.0,
    "fun_dim": 22,
    "grad_checkpoint": false,
    "mlp_ratio": 2,
    "n_head": 4,
    "n_hidden": 128,
    "n_layers": 5,
    "out_dim": 3,
    "output_dims": [
      1,
      1,
      1
    ],
    "output_fields": [
      "Ux",
      "Uy",
      "p"
    ],
    "ref": 8,
    "slice_num": 64,
    "space_dim": 2,
    "unified_pos": false
  },
  "n_params": 662359,
  "val_avg": {
    "avg/mae_surf_Ux": 0.6282078761516531,
    "avg/mae_surf_Uy": 0.335701701153643,
    "avg/mae_surf_p": 43.58766888503736,
    "avg/mae_vol_Ux": 2.3016477217978006,
    "avg/mae_vol_Uy": 0.9381166274897593,
    "avg/mae_vol_p": 48.74308557319204
  },
  "val_per_split": {
    "val_single_in_dist": {
      "vol_loss": 0.11439312022179365,
      "surf_loss": 0.06912298006005585,
      "loss": 0.8056229208223522,
      "mae_surf_Ux": 0.5280233364141268,
      "mae_vol_Ux": 2.3430883697742577,
      "mae_surf_Uy": 0.3119215287515636,
      "mae_vol_Uy": 0.879379781293596,
      "mae_surf_p": 43.419777040812725,
      "mae_vol_p": 53.48016783880834
    },
    "val_geom_camber_rc": {
      "vol_loss": 0.1654006253182888,
      "surf_loss": 0.06923771847039462,
      "loss": 0.857777810022235,
      "mae_surf_Ux": 0.924335749873767,
      "mae_vol_Ux": 3.0106144388146507,
      "mae_surf_Uy": 0.47110766116500263,
      "mae_vol_Uy": 1.364359218925405,
      "mae_surf_p": 59.4898169772522,
      "mae_vol_p": 64.28167315994833
    },
    "val_geom_camber_cruise": {
      "vol_loss": 0.041380701921880245,
      "surf_loss": 0.013965368836652487,
      "loss": 0.18103439028840512,
      "mae_surf_Ux": 0.38409458754037495,
      "mae_vol_Ux": 1.6253863880654114,
      "mae_surf_Uy": 0.21653191874865327,
      "mae_vol_Uy": 0.5658772691262974,
      "mae_surf_p": 25.91726557127488,
      "mae_vol_p": 30.120125000713408
    },
    "val_re_rand": {
      "vol_loss": 0.13681164503097534,
      "surf_loss": 0.0716038734652102,
      "loss": 0.8528503796830773,
      "mae_surf_Ux": 0.6763778307783438,
      "mae_vol_Ux": 2.227501690536883,
      "mae_surf_Uy": 0.34324569594935256,
      "mae_vol_Uy": 0.9428502406137392,
      "mae_surf_p": 45.52381595080965,
      "mae_vol_p": 47.09037629329807
    }
  },
  "test_avg": {
    "avg/mae_surf_Ux": 0.5851252645940598,
    "avg/mae_surf_Uy": 0.3104750682651795,
    "avg/mae_surf_p": 37.880407503053696,
    "avg/mae_vol_Ux": 2.17082841757614,
    "avg/mae_vol_Uy": 0.8661228894665964,
    "avg/mae_vol_p": 43.580142858691985
  },
  "test_per_split": {
    "test_single_in_dist": {
      "vol_loss": 0.1380634411983192,
      "surf_loss": 0.08959980427753181,
      "loss": 1.0340614839736373,
      "mae_surf_Ux": 0.5519473356252944,
      "mae_vol_Ux": 2.242039177889697,
      "mae_surf_Uy": 0.3068208292704881,
      "mae_vol_Uy": 0.859415594672107,
      "mae_surf_p": 40.91107005974969,
      "mae_vol_p": 50.86150242963004
    },
    "test_geom_camber_rc": {
      "vol_loss": 0.15377892285585404,
      "surf_loss": 0.05971641311421991,
      "loss": 0.7509430539980532,
      "mae_surf_Ux": 0.8921561247013798,
      "mae_vol_Ux": 2.9339532370249017,
      "mae_surf_Uy": 0.44649286500976104,
      "mae_vol_Uy": 1.294009665956111,
      "mae_surf_p": 53.24234549478454,
      "mae_vol_p": 58.909177819533575
    },
    "test_geom_camber_cruise": {
      "vol_loss": 0.03291316241957247,
      "surf_loss": 0.008961460503051057,
      "loss": 0.12252776745008304,
      "mae_surf_Ux": 0.3488688448177737,
      "mae_vol_Ux": 1.5065549823682192,
      "mae_surf_Uy": 0.19053430084922007,
      "mae_vol_Uy": 0.5053014451158929,
      "mae_surf_p": 21.142066191568205,
      "mae_vol_p": 25.204228203584666
    },
    "test_re_rand": {
      "vol_loss": 0.07348716577515006,
      "surf_loss": 0.03126161178108305,
      "loss": 0.38610328358598056,
      "mae_surf_Ux": 0.5475287532317911,
      "mae_vol_Ux": 2.000766273021743,
      "mae_surf_Uy": 0.2980522779312488,
      "mae_vol_Uy": 0.8057648521222747,
      "mae_surf_p": 36.22614826611234,
      "mae_vol_p": 39.345662982019654
    }
  }
}