{
  "run_id": "3sweot9b",
  "model_config": {
    "dropout": 0.0,
    "fourier_freq": 16,
    "fourier_scale": 10.0,
    "fun_dim": 22,
    "mlp_ratio": 2,
    "n_head": 4,
    "n_hidden": 128,
    "n_layers": 5,
    "out_dim": 3,
    "output_dims": [
      1,
      1,
      1
    ],
    "output_fields": [
      "Ux",
      "Uy",
      "p"
    ],
    "slice_num": 64,
    "space_dim": 2,
    "use_ada_temp": false,
    "use_rep_slice": false
  },
  "val_avg": {
    "avg/mae_surf_Ux": 1.3157867649004906,
    "avg/mae_surf_Uy": 0.6432425167003825,
    "avg/mae_surf_p": 85.52188068293314,
    "avg/mae_vol_Ux": 3.8408203590662424,
    "avg/mae_vol_Uy": 1.775601094696607,
    "avg/mae_vol_p": 94.23260797931698
  },
  "test_avg": {
    "avg/mae_surf_Ux": 1.2446079962314287,
    "avg/mae_surf_Uy": 0.6098064385919004,
    "avg/mae_surf_p": 75.11437849177464,
    "avg/mae_vol_Ux": 3.648498551881686,
    "avg/mae_vol_Uy": 1.675173323455079,
    "avg/mae_vol_p": 85.94700053461516
  },
  "val_per_split": {
    "val_single_in_dist": {
      "vol_loss": 0.34480030938982964,
      "surf_loss": 0.23714085968211293,
      "loss": 2.7162089062109587,
      "mae_surf_Ux": 1.2263953778460692,
      "mae_vol_Ux": 4.183267523144883,
      "mae_surf_Uy": 0.6080607823415893,
      "mae_vol_Uy": 1.7267368800570493,
      "mae_surf_p": 97.68886364456223,
      "mae_vol_p": 112.83660977127781
    },
    "val_geom_camber_rc": {
      "vol_loss": 0.4140007421374321,
      "surf_loss": 0.1854130046069622,
      "loss": 2.268130788207054,
      "mae_surf_Ux": 1.8591534148013296,
      "mae_vol_Ux": 4.599386862391794,
      "mae_surf_Uy": 0.8205677180749104,
      "mae_vol_Uy": 2.449399433536742,
      "mae_surf_p": 101.60422752268401,
      "mae_vol_p": 112.35345959745564
    },
    "val_geom_camber_cruise": {
      "vol_loss": 0.12747405126690864,
      "surf_loss": 0.05497418795712292,
      "loss": 0.6772159308381378,
      "mae_surf_Ux": 0.8283094936284628,
      "mae_vol_Ux": 2.92532190467985,
      "mae_surf_Uy": 0.4883467352048445,
      "mae_vol_Uy": 1.1843336343413102,
      "mae_surf_p": 63.0632432789258,
      "mae_vol_p": 66.89913987097172
    },
    "val_re_rand": {
      "vol_loss": 0.2714331632852554,
      "surf_loss": 0.11786011837422848,
      "loss": 1.45003434702754,
      "mae_surf_Ux": 1.3492887733261012,
      "mae_vol_Ux": 3.655305146048444,
      "mae_surf_Uy": 0.6559948311801856,
      "mae_vol_Uy": 1.7419344308513263,
      "mae_surf_p": 79.73118828556052,
      "mae_vol_p": 84.84122267756275
    }
  },
  "test_per_split": {
    "test_single_in_dist": {
      "vol_loss": 0.3370181031525135,
      "surf_loss": 0.19590375799685716,
      "loss": 2.2960556831210854,
      "mae_surf_Ux": 1.1595014023465993,
      "mae_vol_Ux": 3.7752954253429696,
      "mae_surf_Uy": 0.5792651725409511,
      "mae_vol_Uy": 1.6574653443208418,
      "mae_surf_p": 81.19261902923667,
      "mae_vol_p": 100.19913912065905
    },
    "test_geom_camber_rc": {
      "vol_loss": 0.3375676718354225,
      "surf_loss": 0.12983569458127023,
      "loss": 1.6359246176481248,
      "mae_surf_Ux": 1.8129856401838034,
      "mae_vol_Ux": 4.527816915889181,
      "mae_surf_Uy": 0.7835438052300988,
      "mae_vol_Uy": 2.3446102480242796,
      "mae_surf_p": 88.55189364950775,
      "mae_vol_p": 102.01899341914365
    },
    "test_geom_camber_cruise": {
      "vol_loss": 0.7108350492268801,
      "surf_loss": 0.3677418279694393,
      "loss": 4.388253328921273,
      "mae_surf_Ux": 0.7971815393332211,
      "mae_vol_Ux": 2.781682307312802,
      "mae_surf_Uy": 0.4445538808380241,
      "mae_vol_Uy": 1.079932881868498,
      "mae_surf_p": 54.09405958331185,
      "mae_vol_p": 59.876709054454004
    },
    "test_re_rand": {
      "vol_loss": 0.2172410760819912,
      "surf_loss": 0.09366556199267506,
      "loss": 1.1538966960087418,
      "mae_surf_Ux": 1.2087634030620915,
      "mae_vol_Ux": 3.5091995589817913,
      "mae_surf_Uy": 0.6318628957585276,
      "mae_vol_Uy": 1.6186848196066963,
      "mae_surf_p": 76.61894170504236,
      "mae_vol_p": 81.69316054420393
    }
  }
}