{
  "test_avg": {
    "avg/mae_surf_Ux": 1.7705079223419213,
    "avg/mae_surf_Uy": 0.7070978115128096,
    "avg/mae_surf_p": 100.2347766137766,
    "avg/mae_vol_Ux": 4.7528412491601335,
    "avg/mae_vol_Uy": 2.1362962421976137,
    "avg/mae_vol_p": 110.37806386751251
  },
  "per_split": {
    "test_single_in_dist": {
      "vol_loss": 0.5609657371044159,
      "surf_loss": 0.3788572406023741,
      "loss": 10.032396752163768,
      "mae_surf_Ux": 1.6527416741672791,
      "mae_vol_Ux": 5.049236763160271,
      "mae_surf_Uy": 0.7538370769730581,
      "mae_vol_Uy": 2.143343790953579,
      "mae_surf_p": 113.20957292842962,
      "mae_vol_p": 134.37964640389208
    },
    "test_geom_camber_rc": {
      "vol_loss": 0.46094880759716034,
      "surf_loss": 0.18732235349714757,
      "loss": 5.144007645025849,
      "mae_surf_Ux": 2.765516657472012,
      "mae_vol_Ux": 6.080316620714516,
      "mae_surf_Uy": 0.8686819249580782,
      "mae_vol_Uy": 2.731431156625666,
      "mae_surf_p": 110.37880124689394,
      "mae_vol_p": 116.38355889606152
    },
    "test_geom_camber_cruise": {
      "vol_loss": 0.7937311666458845,
      "surf_loss": 0.39187795398756864,
      "loss": 10.5906800163351,
      "mae_surf_Ux": 1.0949002284183336,
      "mae_vol_Ux": 3.456589048020018,
      "mae_surf_Uy": 0.5103340053649595,
      "mae_vol_Uy": 1.5724005677586501,
      "mae_surf_p": 78.50061286896933,
      "mae_vol_p": 85.53043690782211
    },
    "test_re_rand": {
      "vol_loss": 0.31651204869151117,
      "surf_loss": 0.12389322187751532,
      "loss": 3.413842595629394,
      "mae_surf_Ux": 1.568873129310061,
      "mae_vol_Ux": 4.42522256474573,
      "mae_surf_Uy": 0.6955382387551428,
      "mae_vol_Uy": 2.09800945345256,
      "mae_surf_p": 98.85011941081352,
      "mae_vol_p": 105.21861326227436
    }
  }
}