{
  "type": "ckpt_avg",
  "n_ckpts": 3,
  "avg_epochs": [
    12,
    13,
    14
  ],
  "best_single_epoch": 14,
  "best_single_val_avg/mae_surf_p": 106.78708590467878,
  "avg_val_avg/mae_surf_p": 104.69860009062366,
  "delta_vs_best_single": -2.088485814055119,
  "per_split": {
    "val_single_in_dist": {
      "vol_loss": 0.48004897966980936,
      "surf_loss": 0.2872219270467758,
      "loss": 3.352268250137567,
      "mae_surf_Ux": 1.428101523062908,
      "mae_vol_Ux": 5.189789699780878,
      "mae_surf_Uy": 0.690636630465393,
      "mae_vol_Uy": 2.020991090487946,
      "mae_surf_p": 118.1205496825489,
      "mae_vol_p": 129.2008151741668
    },
    "val_geom_camber_rc": {
      "vol_loss": 0.5011690849065781,
      "surf_loss": 0.24942778035998345,
      "loss": 2.9954468885064127,
      "mae_surf_Ux": 2.3048204502562104,
      "mae_vol_Ux": 5.290456202360255,
      "mae_surf_Uy": 0.9540700814135451,
      "mae_vol_Uy": 2.637774566203019,
      "mae_surf_p": 117.2253547295893,
      "mae_vol_p": 115.42108858888817
    },
    "val_geom_camber_cruise": {
      "vol_loss": 0.1568466055393219,
      "surf_loss": 0.08130044223740697,
      "loss": 0.9698510279133916,
      "mae_surf_Ux": 0.8938625586313799,
      "mae_vol_Ux": 3.247830026270024,
      "mae_surf_Uy": 0.5269188767723639,
      "mae_vol_Uy": 1.2124708043178831,
      "mae_surf_p": 83.42668242504716,
      "mae_vol_p": 74.77777136844297
    },
    "val_re_rand": {
      "vol_loss": 0.33549924165010453,
      "surf_loss": 0.16547851383686066,
      "loss": 1.990284380018711,
      "mae_surf_Ux": 1.568397881891149,
      "mae_vol_Ux": 4.137619178333753,
      "mae_surf_Uy": 0.7456153095685898,
      "mae_vol_Uy": 1.8497136723908902,
      "mae_surf_p": 100.02181352530924,
      "mae_vol_p": 94.45472992697681
    }
  },
  "val_avg": {
    "avg/mae_surf_Ux": 1.548795603460412,
    "avg/mae_surf_Uy": 0.729310224554973,
    "avg/mae_surf_p": 104.69860009062366,
    "avg/mae_vol_Ux": 4.466423776686227,
    "avg/mae_vol_Uy": 1.9302375333499346,
    "avg/mae_vol_p": 103.46360126461869
  }
}