{
  "type": "ckpt_avg",
  "n_ckpts": 3,
  "avg_epochs": [
    12,
    13,
    14
  ],
  "best_single_epoch": 14,
  "best_single_val_avg/mae_surf_p": 101.08070416399313,
  "avg_val_avg/mae_surf_p": 100.70184246895239,
  "delta_vs_best_single": -0.3788616950407402,
  "per_split": {
    "val_single_in_dist": {
      "vol_loss": 0.4993865679204464,
      "surf_loss": 0.30053499445319176,
      "loss": 3.504736512452364,
      "mae_surf_Ux": 1.3461250480880558,
      "mae_vol_Ux": 4.898240906870859,
      "mae_surf_Uy": 0.7181499382799723,
      "mae_vol_Uy": 1.985886237287763,
      "mae_surf_p": 123.4910026112861,
      "mae_vol_p": 132.25867183028535
    },
    "val_geom_camber_rc": {
      "vol_loss": 0.5302338856458664,
      "surf_loss": 0.2570202854275703,
      "loss": 3.1004367399215695,
      "mae_surf_Ux": 2.256118565391702,
      "mae_vol_Ux": 5.263002801249028,
      "mae_surf_Uy": 0.9748169653003336,
      "mae_vol_Uy": 2.7038500258547256,
      "mae_surf_p": 112.25647401718903,
      "mae_vol_p": 116.23685257518792
    },
    "val_geom_camber_cruise": {
      "vol_loss": 0.1549384741485119,
      "surf_loss": 0.07189582087099552,
      "loss": 0.8738966828584672,
      "mae_surf_Ux": 0.8439176366181544,
      "mae_vol_Ux": 3.0798505311946527,
      "mae_surf_Uy": 0.5073904941962165,
      "mae_vol_Uy": 1.2609238704152181,
      "mae_surf_p": 74.50957134484867,
      "mae_vol_p": 74.31202700434459
    },
    "val_re_rand": {
      "vol_loss": 0.33112074583768847,
      "surf_loss": 0.1563302940502763,
      "loss": 1.8944236863404513,
      "mae_surf_Ux": 1.525384136936086,
      "mae_vol_Ux": 3.9773577458711316,
      "mae_surf_Uy": 0.7308585685898544,
      "mae_vol_Uy": 1.8883160177630296,
      "mae_surf_p": 92.55032190248578,
      "mae_vol_p": 92.38190538120398
    }
  },
  "val_avg": {
    "avg/mae_surf_Ux": 1.4928863467584996,
    "avg/mae_surf_Uy": 0.7328039915915942,
    "avg/mae_surf_p": 100.70184246895239,
    "avg/mae_vol_Ux": 4.304612996296418,
    "avg/mae_vol_Uy": 1.9597440378301842,
    "avg/mae_vol_p": 103.79736419775546
  }
}