{
  "type": "ckpt_avg",
  "n_ckpts": 3,
  "avg_epochs": [
    14,
    15,
    16
  ],
  "best_single_epoch": 16,
  "best_single_val_avg/mae_surf_p": 98.28249913670031,
  "avg_val_avg/mae_surf_p": 98.6229452802691,
  "delta_vs_best_single": 0.34044614356878355,
  "per_split": {
    "val_single_in_dist": {
      "vol_loss": 0.5292408990859986,
      "surf_loss": 0.28819222854450344,
      "loss": 6.2930854699760665,
      "mae_surf_Ux": 1.34728216216533,
      "mae_vol_Ux": 4.993539329043559,
      "mae_surf_Uy": 0.6852116613100792,
      "mae_vol_Uy": 2.1318967605289463,
      "mae_surf_p": 116.23044908327779,
      "mae_vol_p": 133.19159096629556
    },
    "val_geom_camber_rc": {
      "vol_loss": 0.57113310277462,
      "surf_loss": 0.24269795544445516,
      "loss": 5.425092211663724,
      "mae_surf_Ux": 2.0767803070102357,
      "mae_vol_Ux": 5.419891072248278,
      "mae_surf_Uy": 0.9532417745034902,
      "mae_vol_Uy": 2.877818779536344,
      "mae_surf_p": 104.28446227626463,
      "mae_vol_p": 120.94712826827886
    },
    "val_geom_camber_cruise": {
      "vol_loss": 0.19197843700647355,
      "surf_loss": 0.08231562207452953,
      "loss": 1.8382908784970642,
      "mae_surf_Ux": 0.8683641425116583,
      "mae_vol_Ux": 3.3603755081533038,
      "mae_surf_Uy": 0.5371790700159953,
      "mae_vol_Uy": 1.4534866342839374,
      "mae_surf_p": 79.69478905882,
      "mae_vol_p": 88.04699772858122
    },
    "val_re_rand": {
      "vol_loss": 0.3627875018119812,
      "surf_loss": 0.15183301270008087,
      "loss": 3.3994477558135987,
      "mae_surf_Ux": 1.4966638324220904,
      "mae_vol_Ux": 4.225377200735641,
      "mae_surf_Uy": 0.7296401451905041,
      "mae_vol_Uy": 2.094832725509949,
      "mae_surf_p": 94.28208070271391,
      "mae_vol_p": 100.76075837155993
    }
  },
  "val_avg": {
    "avg/mae_surf_Ux": 1.4472726110273286,
    "avg/mae_surf_Uy": 0.7263181627550173,
    "avg/mae_surf_p": 98.6229452802691,
    "avg/mae_vol_Ux": 4.499795777545195,
    "avg/mae_vol_Uy": 2.139508724964794,
    "avg/mae_vol_p": 110.73661883367889
  }
}