{
  "type": "ckpt_avg",
  "n_ckpts": 3,
  "avg_epochs": [
    12,
    13,
    14
  ],
  "best_single_epoch": 14,
  "best_single_val_avg/mae_surf_p": 100.68253002428237,
  "avg_val_avg/mae_surf_p": 100.63448117036256,
  "delta_vs_best_single": -0.048048853919809176,
  "per_split": {
    "val_single_in_dist": {
      "vol_loss": 0.4832003998756409,
      "surf_loss": 0.3119127723202109,
      "loss": 3.6023281230777497,
      "mae_surf_Ux": 1.3264049288443354,
      "mae_vol_Ux": 4.624999002146427,
      "mae_surf_Uy": 0.7036192242500384,
      "mae_vol_Uy": 2.031539943609865,
      "mae_surf_p": 122.79327808370584,
      "mae_vol_p": 129.7957336335354
    },
    "val_geom_camber_rc": {
      "vol_loss": 0.5183066934347152,
      "surf_loss": 0.2488265486061573,
      "loss": 3.0065721794962883,
      "mae_surf_Ux": 2.0557225012635536,
      "mae_vol_Ux": 5.042266391179883,
      "mae_surf_Uy": 0.9742023627274252,
      "mae_vol_Uy": 2.6474758885287453,
      "mae_surf_p": 105.56378581572524,
      "mae_vol_p": 112.08124556190364
    },
    "val_geom_camber_cruise": {
      "vol_loss": 0.16305772587656975,
      "surf_loss": 0.07933611587621271,
      "loss": 0.9564188846386968,
      "mae_surf_Ux": 0.905421948536075,
      "mae_vol_Ux": 3.354810912811221,
      "mae_surf_Uy": 0.5162153816392927,
      "mae_vol_Uy": 1.2307612239727521,
      "mae_surf_p": 79.20935420219426,
      "mae_vol_p": 79.11447818168521
    },
    "val_re_rand": {
      "vol_loss": 0.33360620617866515,
      "surf_loss": 0.15964666537940503,
      "loss": 1.9300728599727155,
      "mae_surf_Ux": 1.5169501037366817,
      "mae_vol_Ux": 4.115777885475507,
      "mae_surf_Uy": 0.7355657568161825,
      "mae_vol_Uy": 1.8688722290207562,
      "mae_surf_p": 94.97150657982492,
      "mae_vol_p": 94.32554043731842
    }
  },
  "val_avg": {
    "avg/mae_surf_Ux": 1.4511248705951616,
    "avg/mae_surf_Uy": 0.7324006813582347,
    "avg/mae_surf_p": 100.63448117036256,
    "avg/mae_vol_Ux": 4.284463547903259,
    "avg/mae_vol_Uy": 1.9446623212830296,
    "avg/mae_vol_p": 103.82924945361067
  }
}