{
  "type": "ckpt_avg",
  "n_ckpts": 3,
  "avg_epochs": [
    14,
    15,
    16
  ],
  "best_single_epoch": 16,
  "best_single_val_avg/mae_surf_p": 95.53923018132024,
  "avg_val_avg/mae_surf_p": 95.98225519513024,
  "delta_vs_best_single": 0.4430250138100007,
  "per_split": {
    "val_single_in_dist": {
      "vol_loss": 0.4489822652935982,
      "surf_loss": 0.2679896826669574,
      "loss": 3.128879091963172,
      "mae_surf_Ux": 1.194324993565927,
      "mae_vol_Ux": 4.587531015773253,
      "mae_surf_Uy": 0.6941098529080045,
      "mae_vol_Uy": 1.9971323140938078,
      "mae_surf_p": 110.42334542849106,
      "mae_vol_p": 122.12702918228466
    },
    "val_geom_camber_rc": {
      "vol_loss": 0.48724015533924103,
      "surf_loss": 0.24643481269478798,
      "loss": 2.951588282287121,
      "mae_surf_Ux": 2.112499131045856,
      "mae_vol_Ux": 5.020841245083715,
      "mae_surf_Uy": 0.961741762308011,
      "mae_vol_Uy": 2.64545988654645,
      "mae_surf_p": 106.92948915606789,
      "mae_vol_p": 108.60772534055788
    },
    "val_geom_camber_cruise": {
      "vol_loss": 0.15566543444991113,
      "surf_loss": 0.07433857848867774,
      "loss": 0.8990512193366885,
      "mae_surf_Ux": 0.8694347689231449,
      "mae_vol_Ux": 3.1688971651985263,
      "mae_surf_Uy": 0.5173450030494389,
      "mae_vol_Uy": 1.2392169001227742,
      "mae_surf_p": 75.58775814235538,
      "mae_vol_p": 73.58458387798943
    },
    "val_re_rand": {
      "vol_loss": 0.3214701077342033,
      "surf_loss": 0.15162789277732372,
      "loss": 1.8377490355074404,
      "mae_surf_Ux": 1.4265076153143366,
      "mae_vol_Ux": 3.9226769115869184,
      "mae_surf_Uy": 0.7243593984286473,
      "mae_vol_Uy": 1.8289659705721182,
      "mae_surf_p": 90.98842805360663,
      "mae_vol_p": 91.2695999090509
    }
  },
  "val_avg": {
    "avg/mae_surf_Ux": 1.400691627212316,
    "avg/mae_surf_Uy": 0.7243890041735255,
    "avg/mae_surf_p": 95.98225519513024,
    "avg/mae_vol_Ux": 4.174986584410603,
    "avg/mae_vol_Uy": 1.9276937678337875,
    "avg/mae_vol_p": 98.89723457747071
  }
}