{
  "type": "ckpt_avg",
  "n_ckpts": 3,
  "avg_epochs": [
    12,
    13,
    14
  ],
  "best_single_epoch": 14,
  "best_single_val_avg/mae_surf_p": 97.6465994155728,
  "avg_val_avg/mae_surf_p": 97.79406171417182,
  "delta_vs_best_single": 0.1474622985990237,
  "per_split": {
    "val_single_in_dist": {
      "vol_loss": 0.4659261199831963,
      "surf_loss": 0.296804980635643,
      "loss": 3.433975926339626,
      "mae_surf_Ux": 1.1969509980027215,
      "mae_vol_Ux": 4.29011189799309,
      "mae_surf_Uy": 0.711491234279083,
      "mae_vol_Uy": 2.054107116684381,
      "mae_surf_p": 112.8002410760266,
      "mae_vol_p": 125.79885904448297
    },
    "val_geom_camber_rc": {
      "vol_loss": 0.5145436015725136,
      "surf_loss": 0.2554250887781382,
      "loss": 3.0687944893538956,
      "mae_surf_Ux": 2.0299315711290298,
      "mae_vol_Ux": 4.831806570686367,
      "mae_surf_Uy": 0.9550214553802134,
      "mae_vol_Uy": 2.7039066944608567,
      "mae_surf_p": 106.75981463117627,
      "mae_vol_p": 110.54759001477277
    },
    "val_geom_camber_cruise": {
      "vol_loss": 0.1649636397510767,
      "surf_loss": 0.07719299366697668,
      "loss": 0.9368935764208435,
      "mae_surf_Ux": 0.8579548899231858,
      "mae_vol_Ux": 3.2357071316588275,
      "mae_surf_Uy": 0.5304105731335959,
      "mae_vol_Uy": 1.223397865507141,
      "mae_surf_p": 78.97043776285476,
      "mae_vol_p": 81.00231145332654
    },
    "val_re_rand": {
      "vol_loss": 0.32096089243888853,
      "surf_loss": 0.15195256866514684,
      "loss": 1.8404865790903568,
      "mae_surf_Ux": 1.443609081481551,
      "mae_vol_Ux": 3.957093078342132,
      "mae_surf_Uy": 0.7305114128828606,
      "mae_vol_Uy": 1.8599138689423211,
      "mae_surf_p": 92.64575338662961,
      "mae_vol_p": 94.16055363717314
    }
  },
  "val_avg": {
    "avg/mae_surf_Ux": 1.382111635134122,
    "avg/mae_surf_Uy": 0.7318586689189382,
    "avg/mae_surf_p": 97.79406171417182,
    "avg/mae_vol_Ux": 4.078679669670104,
    "avg/mae_vol_Uy": 1.960331386398675,
    "avg/mae_vol_p": 102.87732853743887
  }
}