{
  "type": "ckpt_avg",
  "n_ckpts": 3,
  "avg_epochs": [
    13,
    14,
    15
  ],
  "best_single_epoch": 15,
  "best_single_val_avg/mae_surf_p": 98.08024298349292,
  "avg_val_avg/mae_surf_p": 98.70425518575938,
  "delta_vs_best_single": 0.6240122022664565,
  "per_split": {
    "val_single_in_dist": {
      "vol_loss": 0.47754468202590944,
      "surf_loss": 0.305431838221848,
      "loss": 3.5318630642443893,
      "mae_surf_Ux": 1.3428384674525378,
      "mae_vol_Ux": 4.541028626559717,
      "mae_surf_Uy": 0.709500565425299,
      "mae_vol_Uy": 2.0379745189484275,
      "mae_surf_p": 115.4094310046092,
      "mae_vol_p": 125.49115544255105
    },
    "val_geom_camber_rc": {
      "vol_loss": 0.49226087242364885,
      "surf_loss": 0.2409543540328741,
      "loss": 2.90180441275239,
      "mae_surf_Ux": 2.088707176206447,
      "mae_vol_Ux": 4.984022252058913,
      "mae_surf_Uy": 0.9575346607427018,
      "mae_vol_Uy": 2.655939325783521,
      "mae_surf_p": 108.03528738639177,
      "mae_vol_p": 111.76101783570294
    },
    "val_geom_camber_cruise": {
      "vol_loss": 0.1610716374963522,
      "surf_loss": 0.07626012044027447,
      "loss": 0.9236728418990969,
      "mae_surf_Ux": 0.8885136743078403,
      "mae_vol_Ux": 3.266287733617373,
      "mae_surf_Uy": 0.5192437475593411,
      "mae_vol_Uy": 1.2246252872859305,
      "mae_surf_p": 77.8224125748406,
      "mae_vol_p": 78.44195800250898
    },
    "val_re_rand": {
      "vol_loss": 0.3198792219161987,
      "surf_loss": 0.15606445387005807,
      "loss": 1.8805237606167795,
      "mae_surf_Ux": 1.4688242920252708,
      "mae_vol_Ux": 3.9450703336677546,
      "mae_surf_Uy": 0.7228020585827898,
      "mae_vol_Uy": 1.823648564368844,
      "mae_surf_p": 93.54988977719592,
      "mae_vol_p": 92.91336218703714
    }
  },
  "val_avg": {
    "avg/mae_surf_Ux": 1.447220902498024,
    "avg/mae_surf_Uy": 0.727270258077533,
    "avg/mae_surf_p": 98.70425518575938,
    "avg/mae_vol_Ux": 4.1841022364759395,
    "avg/mae_vol_Uy": 1.935546924096681,
    "avg/mae_vol_p": 102.15187336695003
  }
}