{
  "type": "ckpt_avg",
  "n_ckpts": 3,
  "avg_epochs": [
    15,
    16,
    17
  ],
  "best_single_epoch": 16,
  "best_single_val_avg/mae_surf_p": 97.55182721961718,
  "avg_val_avg/mae_surf_p": 97.54149681907317,
  "delta_vs_best_single": -0.01033040054400658,
  "per_split": {
    "val_single_in_dist": {
      "vol_loss": 0.4807743126153946,
      "surf_loss": 0.296894792933017,
      "loss": 3.449722241945565,
      "mae_surf_Ux": 1.2558377645044714,
      "mae_vol_Ux": 4.656099730558055,
      "mae_surf_Uy": 0.7198970869063914,
      "mae_vol_Uy": 1.9948510515149942,
      "mae_surf_p": 110.54914199377802,
      "mae_vol_p": 123.65663170012495
    },
    "val_geom_camber_rc": {
      "vol_loss": 0.5109542006254196,
      "surf_loss": 0.25351265400648115,
      "loss": 3.0460807406902313,
      "mae_surf_Ux": 2.080904321977752,
      "mae_vol_Ux": 5.0798653253737855,
      "mae_surf_Uy": 0.9679497588081011,
      "mae_vol_Uy": 2.6161280525028814,
      "mae_surf_p": 107.30174995534523,
      "mae_vol_p": 111.15691158285966
    },
    "val_geom_camber_cruise": {
      "vol_loss": 0.17200718879699706,
      "surf_loss": 0.0819378955848515,
      "loss": 0.991386144645512,
      "mae_surf_Ux": 0.8220288966185529,
      "mae_vol_Ux": 3.2400285697565057,
      "mae_surf_Uy": 0.5218714659791865,
      "mae_vol_Uy": 1.2939445113630705,
      "mae_surf_p": 79.7732536288502,
      "mae_vol_p": 81.03797483218372
    },
    "val_re_rand": {
      "vol_loss": 0.3298446309566498,
      "surf_loss": 0.15674108259379863,
      "loss": 1.897255456894636,
      "mae_surf_Ux": 1.463949054112563,
      "mae_vol_Ux": 4.0156467833115865,
      "mae_surf_Uy": 0.7267698719845178,
      "mae_vol_Uy": 1.8627523023080064,
      "mae_surf_p": 92.54184169831926,
      "mae_vol_p": 92.7502805646837
    }
  },
  "val_avg": {
    "avg/mae_surf_Ux": 1.4056800093033348,
    "avg/mae_surf_Uy": 0.7341220459195493,
    "avg/mae_surf_p": 97.54149681907317,
    "avg/mae_vol_Ux": 4.247910102249984,
    "avg/mae_vol_Uy": 1.9419189794222382,
    "avg/mae_vol_p": 102.15044966996301
  }
}