{
  "type": "ckpt_avg",
  "n_ckpts": 3,
  "avg_epochs": [
    12,
    13,
    14
  ],
  "best_single_epoch": 14,
  "best_single_val_avg/mae_surf_p": 102.33330737327174,
  "avg_val_avg/mae_surf_p": 95.83693549136608,
  "delta_vs_best_single": -6.4963718819056595,
  "per_split": {
    "val_single_in_dist": {
      "vol_loss": 0.4521261717379093,
      "surf_loss": 0.2823638197593391,
      "loss": 3.2757643693313008,
      "mae_surf_Ux": 1.3443825040536792,
      "mae_vol_Ux": 4.6934312195587475,
      "mae_surf_Uy": 0.6915244432899829,
      "mae_vol_Uy": 1.9565268257145698,
      "mae_surf_p": 110.13471793996885,
      "mae_vol_p": 120.41024026166653
    },
    "val_geom_camber_rc": {
      "vol_loss": 0.5012333273887635,
      "surf_loss": 0.25738298282027244,
      "loss": 3.0750631555914882,
      "mae_surf_Ux": 2.139802588649167,
      "mae_vol_Ux": 5.105854883248958,
      "mae_surf_Uy": 0.9325412547119494,
      "mae_vol_Uy": 2.548728053705043,
      "mae_surf_p": 106.19425224516428,
      "mae_vol_p": 108.00537311946375
    },
    "val_geom_camber_cruise": {
      "vol_loss": 0.15477785058319568,
      "surf_loss": 0.07403662241064012,
      "loss": 0.8951440746895969,
      "mae_surf_Ux": 0.8544967122339802,
      "mae_vol_Ux": 3.1815147586421215,
      "mae_surf_Uy": 0.5179086657227167,
      "mae_vol_Uy": 1.26108324545373,
      "mae_surf_p": 75.47871282320011,
      "mae_vol_p": 75.17022628349334
    },
    "val_re_rand": {
      "vol_loss": 0.31828794449567793,
      "surf_loss": 0.15366844281554223,
      "loss": 1.8549723726511003,
      "mae_surf_Ux": 1.4848063544631995,
      "mae_vol_Ux": 3.963265662296256,
      "mae_surf_Uy": 0.7151455727937183,
      "mae_vol_Uy": 1.827148259432478,
      "mae_surf_p": 91.54005895713107,
      "mae_vol_p": 91.0009337855431
    }
  },
  "val_avg": {
    "avg/mae_surf_Ux": 1.4558720398500067,
    "avg/mae_surf_Uy": 0.7142799841295918,
    "avg/mae_surf_p": 95.83693549136608,
    "avg/mae_vol_Ux": 4.236016630936521,
    "avg/mae_vol_Uy": 1.8983715960764553,
    "avg/mae_vol_p": 98.64669336254168
  }
}