{
  "type": "ckpt_avg",
  "n_ckpts": 3,
  "avg_epochs": [
    12,
    13,
    14
  ],
  "best_single_epoch": 14,
  "best_single_val_avg/mae_surf_p": 101.63869641943572,
  "avg_val_avg/mae_surf_p": 104.68220709437064,
  "delta_vs_best_single": 3.0435106749349217,
  "per_split": {
    "val_single_in_dist": {
      "vol_loss": 0.5083777609467507,
      "surf_loss": 0.33669196024537085,
      "loss": 3.8752973634004593,
      "mae_surf_Ux": 1.4123373452406907,
      "mae_vol_Ux": 4.695468871658861,
      "mae_surf_Uy": 0.7712996340668696,
      "mae_vol_Uy": 2.0041931514717577,
      "mae_surf_p": 128.91474323327193,
      "mae_vol_p": 132.9533563918019
    },
    "val_geom_camber_rc": {
      "vol_loss": 0.519924972653389,
      "surf_loss": 0.26605667725205423,
      "loss": 3.1804917451739314,
      "mae_surf_Ux": 2.077301995962315,
      "mae_vol_Ux": 4.94405715287765,
      "mae_surf_Uy": 0.9720189967713069,
      "mae_vol_Uy": 2.583679424347929,
      "mae_surf_p": 114.32381304039487,
      "mae_vol_p": 115.65341689904889
    },
    "val_geom_camber_cruise": {
      "vol_loss": 0.1691515862196684,
      "surf_loss": 0.07971173858270049,
      "loss": 0.9662689720466733,
      "mae_surf_Ux": 0.8820136041639295,
      "mae_vol_Ux": 3.207415721137919,
      "mae_surf_Uy": 0.5382226899172318,
      "mae_vol_Uy": 1.2891641175979427,
      "mae_surf_p": 79.98176635841136,
      "mae_vol_p": 79.23449916347417
    },
    "val_re_rand": {
      "vol_loss": 0.31993588387966154,
      "surf_loss": 0.1622805456072092,
      "loss": 1.9427413399517535,
      "mae_surf_Ux": 1.445151770006085,
      "mae_vol_Ux": 3.9145588028885068,
      "mae_surf_Uy": 0.7422131662560467,
      "mae_vol_Uy": 1.8461268317481192,
      "mae_surf_p": 95.50850574540442,
      "mae_vol_p": 92.97421266035441
    }
  },
  "val_avg": {
    "avg/mae_surf_Ux": 1.454201178843255,
    "avg/mae_surf_Uy": 0.7559386217528637,
    "avg/mae_surf_p": 104.68220709437064,
    "avg/mae_vol_Ux": 4.190375137140734,
    "avg/mae_vol_Uy": 1.930790881291437,
    "avg/mae_vol_p": 105.20387127866984
  }
}