{
  "type": "ckpt_avg",
  "n_ckpts": 3,
  "avg_epochs": [
    12,
    13,
    14
  ],
  "best_single_epoch": 14,
  "best_single_val_avg/mae_surf_p": 101.23382953078615,
  "avg_val_avg/mae_surf_p": 99.54157999693344,
  "delta_vs_best_single": -1.692249533852717,
  "per_split": {
    "val_single_in_dist": {
      "vol_loss": 0.46010261788964274,
      "surf_loss": 0.29155582992359996,
      "loss": 3.375660917125642,
      "mae_surf_Ux": 1.5112617423098098,
      "mae_vol_Ux": 4.9652849245464346,
      "mae_surf_Uy": 0.7147646850700049,
      "mae_vol_Uy": 1.9872304573121031,
      "mae_surf_p": 116.43772533636913,
      "mae_vol_p": 124.6339105681905
    },
    "val_geom_camber_rc": {
      "vol_loss": 0.4835110008716583,
      "surf_loss": 0.24825788781046867,
      "loss": 2.9660898789763452,
      "mae_surf_Ux": 2.419774247556494,
      "mae_vol_Ux": 5.511282675086041,
      "mae_surf_Uy": 0.9536703361635755,
      "mae_vol_Uy": 2.5637675821878756,
      "mae_surf_p": 116.49677003489317,
      "mae_vol_p": 118.68122046676906
    },
    "val_geom_camber_cruise": {
      "vol_loss": 0.1590268239378929,
      "surf_loss": 0.07274004871025681,
      "loss": 0.886427311040461,
      "mae_surf_Ux": 0.9024803777512107,
      "mae_vol_Ux": 3.355294802079541,
      "mae_surf_Uy": 0.5110666561680355,
      "mae_vol_Uy": 1.251306467006049,
      "mae_surf_p": 73.0269966158059,
      "mae_vol_p": 78.23438836755105
    },
    "val_re_rand": {
      "vol_loss": 0.31773200273513796,
      "surf_loss": 0.15763626605272293,
      "loss": 1.8940946632623674,
      "mae_surf_Ux": 1.6023186554929798,
      "mae_vol_Ux": 4.165234297586779,
      "mae_surf_Uy": 0.7267839452398847,
      "mae_vol_Uy": 1.826586446698578,
      "mae_surf_p": 92.20482800066556,
      "mae_vol_p": 93.81069049918757
    }
  },
  "val_avg": {
    "avg/mae_surf_Ux": 1.6089587557776235,
    "avg/mae_surf_Uy": 0.7265714056603751,
    "avg/mae_surf_p": 99.54157999693344,
    "avg/mae_vol_Ux": 4.4992741748246985,
    "avg/mae_vol_Uy": 1.9072227383011513,
    "avg/mae_vol_p": 103.84005247542454
  }
}