{
  "type": "ckpt_avg",
  "n_ckpts": 3,
  "avg_epochs": [
    14,
    15,
    16
  ],
  "best_single_epoch": 16,
  "best_single_val_avg/mae_surf_p": 97.225653734913,
  "avg_val_avg/mae_surf_p": 97.61937941615182,
  "delta_vs_best_single": 0.3937256812388199,
  "per_split": {
    "val_single_in_dist": {
      "vol_loss": 0.4699381469190121,
      "surf_loss": 0.2852607646770775,
      "loss": 3.322545793689787,
      "mae_surf_Ux": 1.3097396665341272,
      "mae_vol_Ux": 4.882098184984694,
      "mae_surf_Uy": 0.7029716112317269,
      "mae_vol_Uy": 1.9563232450902963,
      "mae_surf_p": 109.6697630402366,
      "mae_vol_p": 123.7238025111804
    },
    "val_geom_camber_rc": {
      "vol_loss": 0.5079643273353577,
      "surf_loss": 0.2499220599234104,
      "loss": 3.0071849265694617,
      "mae_surf_Ux": 2.0995685690993806,
      "mae_vol_Ux": 5.166258584929721,
      "mae_surf_Uy": 0.9668210995868177,
      "mae_vol_Uy": 2.624054368412027,
      "mae_surf_p": 109.67240503089252,
      "mae_vol_p": 115.9612265060857
    },
    "val_geom_camber_cruise": {
      "vol_loss": 0.16376447424292565,
      "surf_loss": 0.08178554009646177,
      "loss": 0.9816198752075433,
      "mae_surf_Ux": 0.8667765724646395,
      "mae_vol_Ux": 3.2365763507332392,
      "mae_surf_Uy": 0.5326598825084686,
      "mae_vol_Uy": 1.3022985191693248,
      "mae_surf_p": 77.56685803062962,
      "mae_vol_p": 74.27268726500982
    },
    "val_re_rand": {
      "vol_loss": 0.31656444042921067,
      "surf_loss": 0.1565697944164276,
      "loss": 1.8822623845934867,
      "mae_surf_Ux": 1.466956694367854,
      "mae_vol_Ux": 3.9632309597728685,
      "mae_surf_Uy": 0.7225677522130186,
      "mae_vol_Uy": 1.8483982528587324,
      "mae_surf_p": 93.56849156284851,
      "mae_vol_p": 91.04715356531226
    }
  },
  "val_avg": {
    "avg/mae_surf_Ux": 1.4357603756165003,
    "avg/mae_surf_Uy": 0.731255086385008,
    "avg/mae_surf_p": 97.61937941615182,
    "avg/mae_vol_Ux": 4.312041020105131,
    "avg/mae_vol_Uy": 1.9327685963825951,
    "avg/mae_vol_p": 101.25121746189704
  }
}