{
  "arm_a_n16": {
    "model_dir": "models/model-charliepai2i24h5-askeladd-surface-pe-nfreqs16-20260515-133406",
    "n_freqs": 16,
    "test_avg/mae_surf_p": 138.5280059787183,
    "test_per_split": {
      "test_geom_camber_cruise": {
        "loss": 1.4159320814162493,
        "mae_surf_Ux": 2.057356621988289,
        "mae_surf_Uy": 0.6551762904308979,
        "mae_surf_p": 99.39957695060639,
        "mae_vol_Ux": 4.365068508366965,
        "mae_vol_Uy": 1.593239503528125,
        "mae_vol_p": 91.5189445159811,
        "surf_loss": 0.11751127760857344,
        "vol_loss": 0.2408193053305149
      },
      "test_geom_camber_rc": {
        "loss": 3.356309272646904,
        "mae_surf_Ux": 3.3916194994589324,
        "mae_surf_Uy": 1.3106361519077403,
        "mae_surf_p": 145.32155296626905,
        "mae_vol_Ux": 6.478952159391424,
        "mae_vol_Uy": 3.114185300262083,
        "mae_vol_p": 138.36930250353456,
        "surf_loss": 0.27928920134902,
        "vol_loss": 0.5634172591567039
      },
      "test_re_rand": {
        "loss": 2.8050645031034946,
        "mae_surf_Ux": 2.678547349265668,
        "mae_surf_Uy": 0.9480754615279953,
        "mae_surf_p": 136.85383564752723,
        "mae_vol_Ux": 5.401166253525797,
        "mae_vol_Uy": 2.2564566416915666,
        "mae_vol_p": 125.68588016283366,
        "surf_loss": 0.237080033197999,
        "vol_loss": 0.4342641711235046
      },
      "test_single_in_dist": {
        "loss": 6.963631104826928,
        "mae_surf_Ux": 2.690034086197383,
        "mae_surf_Uy": 0.9695472126768538,
        "mae_surf_p": 172.53705835047057,
        "mae_vol_Ux": 6.115445840550176,
        "mae_vol_Uy": 2.5640755764752408,
        "mae_vol_p": 162.6564922566757,
        "surf_loss": 0.6173366966843605,
        "vol_loss": 0.7902641379833222
      }
    },
    "val_avg/mae_surf_p": 151.1234146499778,
    "val_per_split": {
      "val_geom_camber_cruise": {
        "loss": 1.7399485258758067,
        "mae_surf_Ux": 2.1715138546952413,
        "mae_surf_Uy": 0.6983468206741403,
        "mae_surf_p": 112.4684789829882,
        "mae_vol_Ux": 4.7280111937554175,
        "mae_vol_Uy": 1.6719581461882331,
        "mae_vol_p": 105.34779364486627,
        "surf_loss": 0.14682141207158567,
        "vol_loss": 0.27173440515995023
      },
      "val_geom_camber_rc": {
        "loss": 4.265930496454239,
        "mae_surf_Ux": 3.5941188214371373,
        "mae_surf_Uy": 1.386807972405842,
        "mae_surf_p": 155.77108029417295,
        "mae_vol_Ux": 6.607630950026078,
        "mae_vol_Uy": 3.291487679070193,
        "mae_vol_p": 148.46300841420657,
        "surf_loss": 0.35726835489273073,
        "vol_loss": 0.6932469475269317
      },
      "val_re_rand": {
        "loss": 3.205813667476177,
        "mae_surf_Ux": 2.954896889541868,
        "mae_surf_Uy": 1.0172581726643055,
        "mae_surf_p": 137.39043896459484,
        "mae_vol_Ux": 5.7113438927417,
        "mae_vol_Uy": 2.389684540965131,
        "mae_vol_p": 126.66028022082286,
        "surf_loss": 0.2702743570506573,
        "vol_loss": 0.5030700969696045
      },
      "val_single_in_dist": {
        "loss": 6.612338972091675,
        "mae_surf_Ux": 2.733224970709854,
        "mae_surf_Uy": 1.0082175781721614,
        "mae_surf_p": 198.8636603581553,
        "mae_vol_Ux": 6.494214068531443,
        "mae_vol_Uy": 2.7250159446341495,
        "mae_vol_p": 191.48668008617503,
        "surf_loss": 0.5744196429848671,
        "vol_loss": 0.8681425422430038
      }
    }
  },
  "arm_b_n8": {
    "model_dir": "models/model-charliepai2i24h5-askeladd-surface-pe-nfreqs8-20260515-142835",
    "n_freqs": 8,
    "test_avg/mae_surf_p": 125.3363784482606,
    "test_per_split": {
      "test_geom_camber_cruise": {
        "loss": 1.5218437379971148,
        "mae_surf_Ux": 2.6565357496941036,
        "mae_surf_Uy": 0.6585583452547621,
        "mae_surf_p": 98.06915891311002,
        "mae_vol_Ux": 4.962491347615437,
        "mae_vol_Uy": 1.5208941357983539,
        "mae_vol_p": 94.63568930725208,
        "surf_loss": 0.12763486763462425,
        "vol_loss": 0.24549506165087223
      },
      "test_geom_camber_rc": {
        "loss": 2.91791120916605,
        "mae_surf_Ux": 3.430981986238204,
        "mae_surf_Uy": 1.1591444788999923,
        "mae_surf_p": 137.31034697366255,
        "mae_vol_Ux": 5.976720678911664,
        "mae_vol_Uy": 2.8676645445649123,
        "mae_vol_p": 130.43022317074175,
        "surf_loss": 0.2419661672413349,
        "vol_loss": 0.4982495367527008
      },
      "test_re_rand": {
        "loss": 2.527806848436594,
        "mae_surf_Ux": 2.963866386662229,
        "mae_surf_Uy": 0.9371086494105345,
        "mae_surf_p": 127.20586066451719,
        "mae_vol_Ux": 5.446960329791326,
        "mae_vol_Uy": 2.143051431580886,
        "mae_vol_p": 122.62888341687776,
        "surf_loss": 0.21323393419384956,
        "vol_loss": 0.39546750649809836
      },
      "test_single_in_dist": {
        "loss": 4.774644029214979,
        "mae_surf_Ux": 2.826384308392106,
        "mae_surf_Uy": 0.9220205161549282,
        "mae_surf_p": 138.76014724175272,
        "mae_vol_Ux": 5.975843339763984,
        "mae_vol_Uy": 2.3361398300925384,
        "mae_vol_p": 149.13419997851528,
        "surf_loss": 0.4132835436984897,
        "vol_loss": 0.6418085922300816
      }
    },
    "val_avg/mae_surf_p": 139.83783480039406,
    "val_per_split": {
      "val_geom_camber_cruise": {
        "loss": 1.931071304678917,
        "mae_surf_Ux": 2.841261980705482,
        "mae_surf_Uy": 0.7335575205091504,
        "mae_surf_p": 117.03649007614578,
        "mae_vol_Ux": 5.285784982172395,
        "mae_vol_Uy": 1.663752606801487,
        "mae_vol_p": 112.76785458405901,
        "surf_loss": 0.16390709839761258,
        "vol_loss": 0.2920003207027912
      },
      "val_geom_camber_rc": {
        "loss": 3.8588706186413764,
        "mae_surf_Ux": 3.701492827103879,
        "mae_surf_Uy": 1.2214798732546734,
        "mae_surf_p": 150.49404090929957,
        "mae_vol_Ux": 6.329001310859502,
        "mae_vol_Uy": 3.006796161054112,
        "mae_vol_p": 145.76492623030023,
        "surf_loss": 0.323995371311903,
        "vol_loss": 0.6189169055223465
      },
      "val_re_rand": {
        "loss": 2.827506100833416,
        "mae_surf_Ux": 3.062069228532506,
        "mae_surf_Uy": 0.9599421162253874,
        "mae_surf_p": 131.0592913152901,
        "mae_vol_Ux": 5.545536439648961,
        "mae_vol_Uy": 2.2085814958162544,
        "mae_vol_p": 122.95770761640286,
        "surf_loss": 0.23868069559335708,
        "vol_loss": 0.44069914489984513
      },
      "val_single_in_dist": {
        "loss": 4.6410723896324635,
        "mae_surf_Ux": 3.0335037981182227,
        "mae_surf_Uy": 0.9690357056989358,
        "mae_surf_p": 160.7615169008408,
        "mae_vol_Ux": 6.4352957063095495,
        "mae_vol_Uy": 2.5264591036077584,
        "mae_vol_p": 167.71069183678497,
        "surf_loss": 0.3968899867683649,
        "vol_loss": 0.6721725219488144
      }
    }
  }
}