{
  "type": "ckpt_avg",
  "n_ckpts": 3,
  "avg_epochs": [
    17,
    18,
    19
  ],
  "best_single_epoch": 18,
  "best_single_val_avg/mae_surf_p": 99.63524744169746,
  "avg_val_avg/mae_surf_p": 98.5716949673726,
  "delta_vs_best_single": -1.0635524743248652,
  "per_split": {
    "val_single_in_dist": {
      "vol_loss": 0.48054517969489097,
      "surf_loss": 0.3117878773249686,
      "loss": 3.598423952944577,
      "mae_surf_Ux": 1.2799598977400035,
      "mae_vol_Ux": 4.536797738399587,
      "mae_surf_Uy": 0.7162684606941153,
      "mae_vol_Uy": 1.95567426421232,
      "mae_surf_p": 116.04523940176713,
      "mae_vol_p": 128.120181721849
    },
    "val_geom_camber_rc": {
      "vol_loss": 0.5085189980268479,
      "surf_loss": 0.24877818465232848,
      "loss": 2.9963008445501327,
      "mae_surf_Ux": 2.1667244901471094,
      "mae_vol_Ux": 4.951371280176694,
      "mae_surf_Uy": 0.9600682057784294,
      "mae_vol_Uy": 2.6261327127332117,
      "mae_surf_p": 108.30332696627573,
      "mae_vol_p": 113.85496906636153
    },
    "val_geom_camber_cruise": {
      "vol_loss": 0.16730984024703502,
      "surf_loss": 0.0776836315356195,
      "loss": 0.94414615560323,
      "mae_surf_Ux": 0.8585128433148294,
      "mae_vol_Ux": 3.165060778682112,
      "mae_surf_Uy": 0.5351347910088802,
      "mae_vol_Uy": 1.220402809405658,
      "mae_surf_p": 76.93432123019231,
      "mae_vol_p": 81.25208732932857
    },
    "val_re_rand": {
      "vol_loss": 0.3296084141731262,
      "surf_loss": 0.15691979601979256,
      "loss": 1.8988063743710517,
      "mae_surf_Ux": 1.4898272221655677,
      "mae_vol_Ux": 3.9708763664719804,
      "mae_surf_Uy": 0.738677612866141,
      "mae_vol_Uy": 1.806708630862786,
      "mae_surf_p": 93.0038922712552,
      "mae_vol_p": 95.51997344284952
    }
  },
  "val_avg": {
    "avg/mae_surf_Ux": 1.4487561133418776,
    "avg/mae_surf_Uy": 0.7375372675868914,
    "avg/mae_surf_p": 98.5716949673726,
    "avg/mae_vol_Ux": 4.156026540932594,
    "avg/mae_vol_Uy": 1.902229604303494,
    "avg/mae_vol_p": 104.68680289009716
  }
}