{
  "aoa_jitter_rad": 0.00873,
  "audit": {
    "test_geom_camber_cruise": {
      "mean_pred_std_surf_p": 13.982751705487134,
      "n_samples_total": 200,
      "n_samples_with_nonfinite_y": 1,
      "n_surf_accumulated": 648502,
      "n_vol_accumulated": 40988075
    },
    "test_geom_camber_rc": {
      "mean_pred_std_surf_p": 11.285559670816463,
      "n_samples_total": 200,
      "n_samples_with_nonfinite_y": 0,
      "n_surf_accumulated": 495325,
      "n_vol_accumulated": 25625023
    },
    "test_re_rand": {
      "mean_pred_std_surf_p": 14.398995376005447,
      "n_samples_total": 200,
      "n_samples_with_nonfinite_y": 0,
      "n_surf_accumulated": 576126,
      "n_vol_accumulated": 34085067
    },
    "test_single_in_dist": {
      "mean_pred_std_surf_p": 18.34169285296974,
      "n_samples_total": 200,
      "n_samples_with_nonfinite_y": 0,
      "n_surf_accumulated": 317003,
      "n_vol_accumulated": 16894200
    }
  },
  "checkpoint": "checkpoint.pt",
  "event": "tta_test_eval",
  "model_dir": "/workspace/senpai/target/models/model-tta-baseline-train-20260512-235907",
  "n_passes": 5,
  "seed": 0,
  "test_avg": {
    "avg/mae_surf_Ux": 1.4281378204194168,
    "avg/mae_surf_Uy": 0.7222086470241698,
    "avg/mae_surf_p": 95.83704158735068,
    "avg/mae_vol_Ux": 4.171241489494924,
    "avg/mae_vol_Uy": 1.8996157128119817,
    "avg/mae_vol_p": 99.27287274099938
  },
  "test_splits": {
    "test_geom_camber_cruise": {
      "mae_surf_Ux": 0.8933179333753327,
      "mae_surf_Uy": 0.5371591828336304,
      "mae_surf_p": 84.82174988179949,
      "mae_vol_Ux": 3.2541776127949307,
      "mae_vol_Uy": 1.2956541363165541,
      "mae_vol_p": 84.50151267102129
    },
    "test_geom_camber_rc": {
      "mae_surf_Ux": 2.0770571187598685,
      "mae_surf_Uy": 0.932560784325206,
      "mae_surf_p": 96.8588889230137,
      "mae_vol_Ux": 4.979556979993251,
      "mae_vol_Uy": 2.5801616850828655,
      "mae_vol_p": 103.66742801579083
    },
    "test_re_rand": {
      "mae_surf_Ux": 1.334078834447949,
      "mae_surf_Uy": 0.7153216572445469,
      "mae_surf_p": 92.49598161499921,
      "mae_vol_Ux": 3.8809584966690163,
      "mae_vol_Uy": 1.7826045210810968,
      "mae_vol_p": 90.68368307977487
    },
    "test_single_in_dist": {
      "mae_surf_Ux": 1.4080973950945166,
      "mae_surf_Uy": 0.7037929636932955,
      "mae_surf_p": 109.17154592959037,
      "mae_vol_Ux": 4.570272868522498,
      "mae_vol_Uy": 1.94004250876741,
      "mae_vol_p": 118.23886719741051
    }
  }
}