{
  "aoa_jitter_rad": 0.0131,
  "audit": {
    "test_geom_camber_cruise": {
      "mean_pred_std_surf_p": 23.508261672771752,
      "n_samples_total": 200,
      "n_samples_with_nonfinite_y": 1,
      "n_surf_accumulated": 648502,
      "n_vol_accumulated": 40988075
    },
    "test_geom_camber_rc": {
      "mean_pred_std_surf_p": 17.506743917496436,
      "n_samples_total": 200,
      "n_samples_with_nonfinite_y": 0,
      "n_surf_accumulated": 495325,
      "n_vol_accumulated": 25625023
    },
    "test_re_rand": {
      "mean_pred_std_surf_p": 25.302487110593486,
      "n_samples_total": 200,
      "n_samples_with_nonfinite_y": 0,
      "n_surf_accumulated": 576126,
      "n_vol_accumulated": 34085067
    },
    "test_single_in_dist": {
      "mean_pred_std_surf_p": 29.28576344188448,
      "n_samples_total": 200,
      "n_samples_with_nonfinite_y": 0,
      "n_surf_accumulated": 317003,
      "n_vol_accumulated": 16894200
    }
  },
  "checkpoint": "checkpoint.pt",
  "event": "tta_test_eval",
  "model_dir": "/workspace/senpai/target/models/model-tta-baseline-train-20260512-235907",
  "n_passes": 9,
  "seed": 1,
  "test_avg": {
    "avg/mae_surf_Ux": 1.4303212270472907,
    "avg/mae_surf_Uy": 0.7225735905985851,
    "avg/mae_surf_p": 95.72801764854563,
    "avg/mae_vol_Ux": 4.172087137789893,
    "avg/mae_vol_Uy": 1.8997161016163278,
    "avg/mae_vol_p": 99.14540487689925
  },
  "test_splits": {
    "test_geom_camber_cruise": {
      "mae_surf_Ux": 0.8925594088530311,
      "mae_surf_Uy": 0.539163193693923,
      "mae_surf_p": 84.79937286269671,
      "mae_vol_Ux": 3.2537405266820416,
      "mae_vol_Uy": 1.297936020367227,
      "mae_vol_p": 84.6930216456689
    },
    "test_geom_camber_rc": {
      "mae_surf_Ux": 2.0777790265745635,
      "mae_surf_Uy": 0.9323016747842376,
      "mae_surf_p": 97.37383156863501,
      "mae_vol_Ux": 4.977474206492958,
      "mae_vol_Uy": 2.5810509644459168,
      "mae_vol_p": 103.92450271867838
    },
    "test_re_rand": {
      "mae_surf_Ux": 1.3362587723873673,
      "mae_surf_Uy": 0.7159827166742254,
      "mae_surf_p": 92.38132235152072,
      "mae_vol_Ux": 3.8819724665260327,
      "mae_vol_Uy": 1.7801245582487975,
      "mae_vol_p": 90.52228129810153
    },
    "test_single_in_dist": {
      "mae_surf_Ux": 1.4146877003742007,
      "mae_surf_Uy": 0.7028467772419539,
      "mae_surf_p": 108.35754381133005,
      "mae_vol_Ux": 4.575161351458539,
      "mae_vol_Uy": 1.9397528634033698,
      "mae_vol_p": 117.44181384514819
    }
  }
}