{
  "type": "ckpt_avg",
  "n_ckpts": 3,
  "avg_epochs": [
    14,
    15,
    16
  ],
  "best_single_epoch": 16,
  "best_single_val_avg/mae_surf_p": 114.43254658039643,
  "avg_val_avg/mae_surf_p": 114.94161662147476,
  "delta_vs_best_single": 0.5090700410783313,
  "per_split": {
    "val_single_in_dist": {
      "vol_loss": 0.5276255702972412,
      "surf_loss": 0.3444632084295154,
      "loss": 3.9722576545923953,
      "mae_surf_Ux": 1.3550741895108214,
      "mae_vol_Ux": 4.702365059979665,
      "mae_surf_Uy": 0.8111234618308744,
      "mae_vol_Uy": 2.171918474025124,
      "mae_surf_p": 137.38547708698545,
      "mae_vol_p": 143.08911805609247
    },
    "val_geom_camber_rc": {
      "vol_loss": 0.5849434810876847,
      "surf_loss": 0.30968169540166857,
      "loss": 3.6817604351043705,
      "mae_surf_Ux": 2.4267254839967163,
      "mae_vol_Ux": 5.506446494620409,
      "mae_surf_Uy": 1.0766757933909514,
      "mae_vol_Uy": 2.833063029906857,
      "mae_surf_p": 126.20785879183387,
      "mae_vol_p": 126.75562046919997
    },
    "val_geom_camber_cruise": {
      "vol_loss": 0.1933149029314518,
      "surf_loss": 0.0967534993775189,
      "loss": 1.1608498967066407,
      "mae_surf_Ux": 1.0224497055107318,
      "mae_vol_Ux": 3.40224910553839,
      "mae_surf_Uy": 0.5983904254811901,
      "mae_vol_Uy": 1.3342377406298063,
      "mae_surf_p": 90.80792925297148,
      "mae_vol_p": 87.30899175514146
    },
    "val_re_rand": {
      "vol_loss": 0.3733505830168724,
      "surf_loss": 0.17950489312410356,
      "loss": 2.1683995142579082,
      "mae_surf_Ux": 1.692933995874663,
      "mae_vol_Ux": 4.230170698674746,
      "mae_surf_Uy": 0.8358379106543594,
      "mae_vol_Uy": 1.9991547499012312,
      "mae_surf_p": 105.3652013541083,
      "mae_vol_p": 105.21864955502792
    }
  },
  "val_avg": {
    "avg/mae_surf_Ux": 1.624295843723233,
    "avg/mae_surf_Uy": 0.8305068978393437,
    "avg/mae_surf_p": 114.94161662147476,
    "avg/mae_vol_Ux": 4.460307839703303,
    "avg/mae_vol_Uy": 2.084593498615755,
    "avg/mae_vol_p": 115.59309495886545
  }
}