{
  "test_splits": {
    "test_single_in_dist": {
      "mae_surf_Ux": 1.256899834827471,
      "mae_vol_Ux": 4.39883116400053,
      "n_surf_Ux": 317003,
      "n_vol_Ux": 16894200,
      "mae_surf_Uy": 0.6062346602482234,
      "mae_vol_Uy": 1.84795830865883,
      "n_surf_Uy": 317003,
      "n_vol_Uy": 16894200,
      "mae_surf_p": 109.80272309778384,
      "mae_vol_p": 118.29395907787688,
      "n_surf_p": 317003,
      "n_vol_p": 16894200
    },
    "test_geom_camber_rc": {
      "mae_surf_Ux": 2.278644048823236,
      "mae_vol_Ux": 5.4069975439226425,
      "n_surf_Ux": 495325,
      "n_vol_Ux": 25625023,
      "mae_surf_Uy": 0.8132032590698379,
      "mae_vol_Uy": 2.6344067644184843,
      "n_surf_Uy": 495325,
      "n_vol_Uy": 25625023,
      "mae_surf_p": 114.60485448150122,
      "mae_vol_p": 116.60955510610954,
      "n_surf_p": 495325,
      "n_vol_p": 25625023
    },
    "test_geom_camber_cruise": {
      "mae_surf_Ux": 0.8571316386936179,
      "mae_vol_Ux": 3.2758428317824495,
      "n_surf_Ux": 648502,
      "n_vol_Ux": 40988075,
      "mae_surf_Uy": 0.4758008168609577,
      "mae_vol_Uy": 1.2650011856502192,
      "n_surf_Uy": 648502,
      "n_vol_Uy": 40988075,
      "mae_surf_p": 79.9198431214908,
      "mae_vol_p": 83.33352721631694,
      "n_surf_p": 648502,
      "n_vol_p": 40987314
    },
    "test_re_rand": {
      "mae_surf_Ux": 1.2593663050027573,
      "mae_vol_Ux": 3.9146425451448583,
      "n_surf_Ux": 576126,
      "n_vol_Ux": 34085067,
      "mae_surf_Uy": 0.5832844913985935,
      "mae_vol_Uy": 1.699082561849109,
      "n_surf_Uy": 576126,
      "n_vol_Uy": 34085067,
      "mae_surf_p": 86.57982947933026,
      "mae_vol_p": 87.62757450733979,
      "n_surf_p": 576126,
      "n_vol_p": 34085067
    }
  },
  "test_avg": {
    "avg/mae_surf_Ux": 1.4130104568367705,
    "avg/mae_surf_Uy": 0.6196308068944032,
    "avg/mae_surf_p": 97.72681254502653,
    "avg/mae_vol_Ux": 4.2490785212126205,
    "avg/mae_vol_Uy": 1.8616122051441608,
    "avg/mae_vol_p": 101.46615397691079
  }
}