{
  "type": "ckpt_avg",
  "n_ckpts": 3,
  "avg_epochs": [
    7,
    8,
    9
  ],
  "best_single_epoch": 9,
  "best_single_val_avg/mae_surf_p": 110.04181584085397,
  "avg_val_avg/mae_surf_p": 112.07805219978998,
  "delta_vs_best_single": 2.0362363589360086,
  "per_split": {
    "val_single_in_dist": {
      "vol_loss": 0.46831282034516336,
      "surf_loss": 0.30400648776441813,
      "loss": 3.508377697989345,
      "mae_surf_Ux": 1.3391512419914726,
      "mae_vol_Ux": 4.833824431396669,
      "mae_surf_Uy": 0.7412692050710028,
      "mae_vol_Uy": 1.9990446374767294,
      "mae_surf_p": 122.32826812447608,
      "mae_vol_p": 124.90424441072945
    },
    "val_geom_camber_rc": {
      "vol_loss": 0.5340722131729126,
      "surf_loss": 0.284879479855299,
      "loss": 3.3828670117259025,
      "mae_surf_Ux": 2.1768887638306444,
      "mae_vol_Ux": 5.140930577714904,
      "mae_surf_Uy": 0.9653113519669144,
      "mae_vol_Uy": 2.7286907612344553,
      "mae_surf_p": 126.01819572523182,
      "mae_vol_p": 125.03649544045274
    },
    "val_geom_camber_cruise": {
      "vol_loss": 0.1843556609004736,
      "surf_loss": 0.10238130319863557,
      "loss": 1.2081686928868292,
      "mae_surf_Ux": 1.1153549579468722,
      "mae_vol_Ux": 3.545470926104462,
      "mae_surf_Uy": 0.5453971033569666,
      "mae_vol_Uy": 1.335228128651846,
      "mae_surf_p": 91.10149010537313,
      "mae_vol_p": 85.51108368858416
    },
    "val_re_rand": {
      "vol_loss": 0.3660574588179588,
      "surf_loss": 0.19433385893702507,
      "loss": 2.3093960481882094,
      "mae_surf_Ux": 1.6708046719741523,
      "mae_vol_Ux": 4.217531746500162,
      "mae_surf_Uy": 0.7561260245845088,
      "mae_vol_Uy": 1.9523362848476584,
      "mae_surf_p": 108.86425484407884,
      "mae_vol_p": 104.54295749408168
    }
  },
  "val_avg": {
    "avg/mae_surf_Ux": 1.5755499089357854,
    "avg/mae_surf_Uy": 0.7520259212448481,
    "avg/mae_surf_p": 112.07805219978998,
    "avg/mae_vol_Ux": 4.434439420429049,
    "avg/mae_vol_Uy": 2.0038249530526726,
    "avg/mae_vol_p": 109.998695258462
  }
}