{
  "type": "ckpt_avg",
  "n_ckpts": 3,
  "avg_epochs": [
    14,
    15,
    16
  ],
  "best_single_epoch": 16,
  "best_single_val_avg/mae_surf_p": 97.39798413079204,
  "avg_val_avg/mae_surf_p": 97.76616379065743,
  "delta_vs_best_single": 0.36817965986539036,
  "per_split": {
    "val_single_in_dist": {
      "vol_loss": 0.4585459314286709,
      "surf_loss": 0.290943261180073,
      "loss": 3.3679785432294014,
      "mae_surf_Ux": 1.2566749619275601,
      "mae_vol_Ux": 4.5614092861438875,
      "mae_surf_Uy": 0.7057914855612891,
      "mae_vol_Uy": 1.9389371076489013,
      "mae_surf_p": 112.95675669310111,
      "mae_vol_p": 121.37600100884357
    },
    "val_geom_camber_rc": {
      "vol_loss": 0.49927483916282656,
      "surf_loss": 0.25453270837664604,
      "loss": 3.044601922929287,
      "mae_surf_Ux": 2.0493141036414726,
      "mae_vol_Ux": 4.951302544428339,
      "mae_surf_Uy": 0.9661175368696912,
      "mae_vol_Uy": 2.584811945359418,
      "mae_surf_p": 107.9430994079576,
      "mae_vol_p": 112.07680075365
    },
    "val_geom_camber_cruise": {
      "vol_loss": 0.1584910361468792,
      "surf_loss": 0.07674836473539472,
      "loss": 0.9259746835008263,
      "mae_surf_Ux": 0.8717826162205893,
      "mae_vol_Ux": 3.1781912188269112,
      "mae_surf_Uy": 0.5210813382226834,
      "mae_vol_Uy": 1.2449126574092142,
      "mae_surf_p": 77.11092075239743,
      "mae_vol_p": 75.0963521546937
    },
    "val_re_rand": {
      "vol_loss": 0.3172544527053833,
      "surf_loss": 0.15210015304386615,
      "loss": 1.8382559831440448,
      "mae_surf_Ux": 1.4577060407523212,
      "mae_vol_Ux": 3.935341408378292,
      "mae_surf_Uy": 0.7227379426093824,
      "mae_vol_Uy": 1.8306489665973464,
      "mae_surf_p": 93.0538783091736,
      "mae_vol_p": 91.43463852891469
    }
  },
  "val_avg": {
    "avg/mae_surf_Ux": 1.4088694306354859,
    "avg/mae_surf_Uy": 0.7289320758157616,
    "avg/mae_surf_p": 97.76616379065743,
    "avg/mae_vol_Ux": 4.156561114444357,
    "avg/mae_vol_Uy": 1.89982766925372,
    "avg/mae_vol_p": 99.99594811152548
  }
}