{
  "type": "ckpt_avg",
  "n_ckpts": 3,
  "avg_epochs": [
    14,
    15,
    16
  ],
  "best_single_epoch": 16,
  "best_single_val_avg/mae_surf_p": 98.39060899160653,
  "avg_val_avg/mae_surf_p": 97.95098427910581,
  "delta_vs_best_single": -0.43962471250071644,
  "per_split": {
    "val_single_in_dist": {
      "vol_loss": 0.42598692134022714,
      "surf_loss": 0.2471861514262855,
      "loss": 2.8978484356030823,
      "mae_surf_Ux": 1.3129081598374277,
      "mae_vol_Ux": 4.543430923340895,
      "mae_surf_Uy": 0.6961476669956342,
      "mae_vol_Uy": 1.9206348637113002,
      "mae_surf_p": 109.18003524357422,
      "mae_vol_p": 120.89656872519758
    },
    "val_geom_camber_rc": {
      "vol_loss": 0.480333893597126,
      "surf_loss": 0.23933416113257408,
      "loss": 2.8736755049228666,
      "mae_surf_Ux": 2.078422783595764,
      "mae_vol_Ux": 4.996778802771502,
      "mae_surf_Uy": 0.9438414403641803,
      "mae_vol_Uy": 2.53431867705455,
      "mae_surf_p": 111.44411163355633,
      "mae_vol_p": 111.97123820481396
    },
    "val_geom_camber_cruise": {
      "vol_loss": 0.1548924884200096,
      "surf_loss": 0.07478341266512871,
      "loss": 0.9027266150712967,
      "mae_surf_Ux": 0.8956421848290097,
      "mae_vol_Ux": 3.2031418974318973,
      "mae_surf_Uy": 0.5059280945088249,
      "mae_vol_Uy": 1.1965923995316954,
      "mae_surf_p": 77.61111524181514,
      "mae_vol_p": 77.82914748787394
    },
    "val_re_rand": {
      "vol_loss": 0.31233578354120256,
      "surf_loss": 0.15623700991272926,
      "loss": 1.8747058826684952,
      "mae_surf_Ux": 1.4916637653668499,
      "mae_vol_Ux": 3.950218804544216,
      "mae_surf_Uy": 0.7128525505151007,
      "mae_vol_Uy": 1.7859172907228638,
      "mae_surf_p": 93.56867499747757,
      "mae_vol_p": 90.78494957329809
    }
  },
  "val_avg": {
    "avg/mae_surf_Ux": 1.4446592234072628,
    "avg/mae_surf_Uy": 0.714692438095935,
    "avg/mae_surf_p": 97.95098427910581,
    "avg/mae_vol_Ux": 4.173392607022128,
    "avg/mae_vol_Uy": 1.8593658077551025,
    "avg/mae_vol_p": 100.3704759977959
  }
}