{
  "type": "ckpt_avg",
  "n_ckpts": 3,
  "avg_epochs": [
    14,
    15,
    16
  ],
  "best_single_epoch": 16,
  "best_single_val_avg/mae_surf_p": 94.79466930977684,
  "avg_val_avg/mae_surf_p": 95.0589710915056,
  "delta_vs_best_single": 0.2643017817287614,
  "per_split": {
    "val_single_in_dist": {
      "vol_loss": 0.45588414773344993,
      "surf_loss": 0.2689723169617355,
      "loss": 3.1456073173508052,
      "mae_surf_Ux": 1.1547868374859043,
      "mae_vol_Ux": 4.462379043215735,
      "mae_surf_Uy": 0.7182706141420762,
      "mae_vol_Uy": 1.9418512566849937,
      "mae_surf_p": 108.08421560598569,
      "mae_vol_p": 119.4411985755884
    },
    "val_geom_camber_rc": {
      "vol_loss": 0.48638386130332945,
      "surf_loss": 0.22703493021428586,
      "loss": 2.7567331634461882,
      "mae_surf_Ux": 2.0460608694572198,
      "mae_vol_Ux": 4.969287496806568,
      "mae_surf_Uy": 0.9311900640341085,
      "mae_vol_Uy": 2.623602600183044,
      "mae_surf_p": 104.47762396786254,
      "mae_vol_p": 109.85820985572124
    },
    "val_geom_camber_cruise": {
      "vol_loss": 0.15300444938242436,
      "surf_loss": 0.07261882956139744,
      "loss": 0.8791927449963988,
      "mae_surf_Ux": 0.8301418608121597,
      "mae_vol_Ux": 3.264970341450277,
      "mae_surf_Uy": 0.5099210667011619,
      "mae_vol_Uy": 1.212579851914824,
      "mae_surf_p": 75.1903615159151,
      "mae_vol_p": 74.41007945064503
    },
    "val_re_rand": {
      "vol_loss": 0.32779938220977783,
      "surf_loss": 0.15660645615309476,
      "loss": 1.8938639437407254,
      "mae_surf_Ux": 1.4501307933905931,
      "mae_vol_Ux": 4.04587131365497,
      "mae_surf_Uy": 0.7168510133394224,
      "mae_vol_Uy": 1.8185656569358222,
      "mae_surf_p": 92.48368327625907,
      "mae_vol_p": 92.09061198991274
    }
  },
  "val_avg": {
    "avg/mae_surf_Ux": 1.3702800902864691,
    "avg/mae_surf_Uy": 0.7190581895541923,
    "avg/mae_surf_p": 95.0589710915056,
    "avg/mae_vol_Ux": 4.185627048781887,
    "avg/mae_vol_Uy": 1.8991498414296708,
    "avg/mae_vol_p": 98.95002496796685
  }
}