{
  "type": "ckpt_avg",
  "n_ckpts": 3,
  "avg_epochs": [
    9,
    10,
    11
  ],
  "best_single_epoch": 11,
  "best_single_val_avg/mae_surf_p": 107.78698798250298,
  "avg_val_avg/mae_surf_p": 109.26482078606337,
  "delta_vs_best_single": 1.4778328035603892,
  "per_split": {
    "val_single_in_dist": {
      "vol_loss": 0.5184461592137813,
      "surf_loss": 0.3289477452263236,
      "loss": 3.807923611477017,
      "mae_surf_Ux": 1.5805386152844567,
      "mae_vol_Ux": 4.933607703316839,
      "mae_surf_Uy": 0.7101761445005855,
      "mae_vol_Uy": 2.012769694137192,
      "mae_surf_p": 127.88290932170061,
      "mae_vol_p": 139.1732291598289
    },
    "val_geom_camber_rc": {
      "vol_loss": 0.5412207502126694,
      "surf_loss": 0.2844944977760315,
      "loss": 3.386165727972984,
      "mae_surf_Ux": 2.2795809179871185,
      "mae_vol_Ux": 5.124432985692883,
      "mae_surf_Uy": 0.9814467023972757,
      "mae_vol_Uy": 2.668482946071148,
      "mae_surf_p": 119.77527568236783,
      "mae_vol_p": 123.87220842680884
    },
    "val_geom_camber_cruise": {
      "vol_loss": 0.17775511890649795,
      "surf_loss": 0.09789369260892272,
      "loss": 1.1566920449957252,
      "mae_surf_Ux": 1.1262776607013967,
      "mae_vol_Ux": 3.4592392957550824,
      "mae_surf_Uy": 0.5467403725673089,
      "mae_vol_Uy": 1.332686582933069,
      "mae_surf_p": 87.29882155682246,
      "mae_vol_p": 81.31469667788478
    },
    "val_re_rand": {
      "vol_loss": 0.3436549887061119,
      "surf_loss": 0.1814951316267252,
      "loss": 2.158606304973364,
      "mae_surf_Ux": 1.6691545762238564,
      "mae_vol_Ux": 4.124121658290857,
      "mae_surf_Uy": 0.7490859842820685,
      "mae_vol_Uy": 1.885507455984623,
      "mae_surf_p": 102.10227658336254,
      "mae_vol_p": 98.1396548101354
    }
  },
  "val_avg": {
    "avg/mae_surf_Ux": 1.663887942549207,
    "avg/mae_surf_Uy": 0.7468623009368096,
    "avg/mae_surf_p": 109.26482078606337,
    "avg/mae_vol_Ux": 4.4103504107639155,
    "avg/mae_vol_Uy": 1.974861669781508,
    "avg/mae_vol_p": 110.62494726866447
  }
}